<?xml version="1.0" encoding="utf-8"?>
<TextureAtlas imagePath="cuttinDeezeBalls.png">
<!-- Created with whitty-executor.exe -->
<SubTexture name="Whitty Ballistic Cutscene0000" x="0" y="0" width="413" height="734" frameX="-707" frameY="-210" frameWidth="1382" frameHeight="974"/>
<SubTexture name="Whitty Ballistic Cutscene0001" x="413" y="0" width="417" height="732" frameX="-707" frameY="-212" frameWidth="1382" frameHeight="974"/>
<SubTexture name="Whitty Ballistic Cutscene0002" x="830" y="0" width="417" height="734" frameX="-707" frameY="-210" frameWidth="1382" frameHeight="974"/>
<SubTexture name="Whitty Ballistic Cutscene0003" x="1247" y="0" width="413" height="732" frameX="-707" frameY="-212" frameWidth="1382" frameHeight="974"/>
<SubTexture name="Whitty Ballistic Cutscene0004" x="0" y="0" width="413" height="734" frameX="-707" frameY="-210" frameWidth="1382" frameHeight="974"/>
<SubTexture name="Whitty Ballistic Cutscene0005" x="413" y="0" width="417" height="732" frameX="-707" frameY="-212" frameWidth="1382" frameHeight="974"/>
<SubTexture name="Whitty Ballistic Cutscene0006" x="830" y="0" width="417" height="734" frameX="-707" frameY="-210" frameWidth="1382" frameHeight="974"/>
<SubTexture name="Whitty Ballistic Cutscene0007" x="1247" y="0" width="413" height="732" frameX="-707" frameY="-212" frameWidth="1382" frameHeight="974"/>
<SubTexture name="Whitty Ballistic Cutscene0008" x="0" y="0" width="413" height="734" frameX="-707" frameY="-210" frameWidth="1382" frameHeight="974"/>
<SubTexture name="Whitty Ballistic Cutscene0009" x="413" y="0" width="417" height="732" frameX="-707" frameY="-212" frameWidth="1382" frameHeight="974"/>
<SubTexture name="Whitty Ballistic Cutscene0010" x="830" y="0" width="417" height="734" frameX="-707" frameY="-210" frameWidth="1382" frameHeight="974"/>
<SubTexture name="Whitty Ballistic Cutscene0011" x="1247" y="0" width="413" height="732" frameX="-707" frameY="-212" frameWidth="1382" frameHeight="974"/>
<SubTexture name="Whitty Ballistic Cutscene0012" x="0" y="0" width="413" height="734" frameX="-707" frameY="-210" frameWidth="1382" frameHeight="974"/>
<SubTexture name="Whitty Ballistic Cutscene0013" x="413" y="0" width="417" height="732" frameX="-707" frameY="-212" frameWidth="1382" frameHeight="974"/>
<SubTexture name="Whitty Ballistic Cutscene0014" x="830" y="0" width="417" height="734" frameX="-707" frameY="-210" frameWidth="1382" frameHeight="974"/>
<SubTexture name="Whitty Ballistic Cutscene0015" x="1247" y="0" width="413" height="732" frameX="-707" frameY="-212" frameWidth="1382" frameHeight="974"/>
<SubTexture name="Whitty Ballistic Cutscene0016" x="0" y="0" width="413" height="734" frameX="-707" frameY="-210" frameWidth="1382" frameHeight="974"/>
<SubTexture name="Whitty Ballistic Cutscene0017" x="413" y="0" width="417" height="732" frameX="-707" frameY="-212" frameWidth="1382" frameHeight="974"/>
<SubTexture name="Whitty Ballistic Cutscene0018" x="830" y="0" width="417" height="734" frameX="-707" frameY="-210" frameWidth="1382" frameHeight="974"/>
<SubTexture name="Whitty Ballistic Cutscene0019" x="1247" y="0" width="413" height="732" frameX="-707" frameY="-212" frameWidth="1382" frameHeight="974"/>
<SubTexture name="Whitty Ballistic Cutscene0020" x="0" y="0" width="413" height="734" frameX="-707" frameY="-210" frameWidth="1382" frameHeight="974"/>
<SubTexture name="Whitty Ballistic Cutscene0021" x="413" y="0" width="417" height="732" frameX="-707" frameY="-212" frameWidth="1382" frameHeight="974"/>
<SubTexture name="Whitty Ballistic Cutscene0022" x="830" y="0" width="417" height="734" frameX="-707" frameY="-210" frameWidth="1382" frameHeight="974"/>
<SubTexture name="Whitty Ballistic Cutscene0023" x="1247" y="0" width="413" height="732" frameX="-707" frameY="-212" frameWidth="1382" frameHeight="974"/>
<SubTexture name="Whitty Ballistic Cutscene0024" x="0" y="0" width="413" height="734" frameX="-707" frameY="-210" frameWidth="1382" frameHeight="974"/>
<SubTexture name="Whitty Ballistic Cutscene0025" x="413" y="0" width="417" height="732" frameX="-707" frameY="-212" frameWidth="1382" frameHeight="974"/>
<SubTexture name="Whitty Ballistic Cutscene0026" x="830" y="0" width="417" height="734" frameX="-707" frameY="-210" frameWidth="1382" frameHeight="974"/>
<SubTexture name="Whitty Ballistic Cutscene0027" x="1247" y="0" width="413" height="732" frameX="-707" frameY="-212" frameWidth="1382" frameHeight="974"/>
<SubTexture name="Whitty Ballistic Cutscene0028" x="0" y="0" width="413" height="734" frameX="-707" frameY="-210" frameWidth="1382" frameHeight="974"/>
<SubTexture name="Whitty Ballistic Cutscene0029" x="413" y="0" width="417" height="732" frameX="-707" frameY="-212" frameWidth="1382" frameHeight="974"/>
<SubTexture name="Whitty Ballistic Cutscene0030" x="830" y="0" width="417" height="734" frameX="-707" frameY="-210" frameWidth="1382" frameHeight="974"/>
<SubTexture name="Whitty Ballistic Cutscene0031" x="1247" y="0" width="413" height="732" frameX="-707" frameY="-212" frameWidth="1382" frameHeight="974"/>
<SubTexture name="Whitty Ballistic Cutscene0032" x="0" y="0" width="413" height="734" frameX="-707" frameY="-210" frameWidth="1382" frameHeight="974"/>
<SubTexture name="Whitty Ballistic Cutscene0033" x="413" y="0" width="417" height="732" frameX="-707" frameY="-212" frameWidth="1382" frameHeight="974"/>
<SubTexture name="Whitty Ballistic Cutscene0034" x="830" y="0" width="417" height="734" frameX="-707" frameY="-210" frameWidth="1382" frameHeight="974"/>
<SubTexture name="Whitty Ballistic Cutscene0035" x="1247" y="0" width="413" height="732" frameX="-707" frameY="-212" frameWidth="1382" frameHeight="974"/>
<SubTexture name="Whitty Ballistic Cutscene0036" x="0" y="0" width="413" height="734" frameX="-707" frameY="-210" frameWidth="1382" frameHeight="974"/>
<SubTexture name="Whitty Ballistic Cutscene0037" x="413" y="0" width="417" height="732" frameX="-707" frameY="-212" frameWidth="1382" frameHeight="974"/>
<SubTexture name="Whitty Ballistic Cutscene0038" x="830" y="0" width="417" height="734" frameX="-707" frameY="-210" frameWidth="1382" frameHeight="974"/>
<SubTexture name="Whitty Ballistic Cutscene0039" x="1247" y="0" width="413" height="732" frameX="-707" frameY="-212" frameWidth="1382" frameHeight="974"/>
<SubTexture name="Whitty Ballistic Cutscene0040" x="0" y="0" width="413" height="734" frameX="-707" frameY="-210" frameWidth="1382" frameHeight="974"/>
<SubTexture name="Whitty Ballistic Cutscene0041" x="413" y="0" width="417" height="732" frameX="-707" frameY="-212" frameWidth="1382" frameHeight="974"/>
<SubTexture name="Whitty Ballistic Cutscene0042" x="830" y="0" width="417" height="734" frameX="-707" frameY="-210" frameWidth="1382" frameHeight="974"/>
<SubTexture name="Whitty Ballistic Cutscene0043" x="1247" y="0" width="413" height="732" frameX="-707" frameY="-212" frameWidth="1382" frameHeight="974"/>
<SubTexture name="Whitty Ballistic Cutscene0044" x="0" y="0" width="413" height="734" frameX="-707" frameY="-210" frameWidth="1382" frameHeight="974"/>
<SubTexture name="Whitty Ballistic Cutscene0045" x="413" y="0" width="417" height="732" frameX="-707" frameY="-212" frameWidth="1382" frameHeight="974"/>
<SubTexture name="Whitty Ballistic Cutscene0046" x="830" y="0" width="417" height="734" frameX="-707" frameY="-210" frameWidth="1382" frameHeight="974"/>
<SubTexture name="Whitty Ballistic Cutscene0047" x="1247" y="0" width="413" height="732" frameX="-707" frameY="-212" frameWidth="1382" frameHeight="974"/>
<SubTexture name="Whitty Ballistic Cutscene0048" x="0" y="0" width="413" height="734" frameX="-707" frameY="-210" frameWidth="1382" frameHeight="974"/>
<SubTexture name="Whitty Ballistic Cutscene0049" x="413" y="0" width="417" height="732" frameX="-707" frameY="-212" frameWidth="1382" frameHeight="974"/>
<SubTexture name="Whitty Ballistic Cutscene0050" x="830" y="0" width="417" height="734" frameX="-707" frameY="-210" frameWidth="1382" frameHeight="974"/>
<SubTexture name="Whitty Ballistic Cutscene0051" x="1247" y="0" width="413" height="732" frameX="-707" frameY="-212" frameWidth="1382" frameHeight="974"/>
<SubTexture name="Whitty Ballistic Cutscene0052" x="0" y="0" width="413" height="734" frameX="-707" frameY="-210" frameWidth="1382" frameHeight="974"/>
<SubTexture name="Whitty Ballistic Cutscene0053" x="413" y="0" width="417" height="732" frameX="-707" frameY="-212" frameWidth="1382" frameHeight="974"/>
<SubTexture name="Whitty Ballistic Cutscene0054" x="830" y="0" width="417" height="734" frameX="-707" frameY="-210" frameWidth="1382" frameHeight="974"/>
<SubTexture name="Whitty Ballistic Cutscene0055" x="1247" y="0" width="413" height="732" frameX="-707" frameY="-212" frameWidth="1382" frameHeight="974"/>
<SubTexture name="Whitty Ballistic Cutscene0056" x="1660" y="0" width="442" height="714" frameX="-697" frameY="-229" frameWidth="1382" frameHeight="974"/>
<SubTexture name="Whitty Ballistic Cutscene0057" x="1660" y="0" width="442" height="714" frameX="-697" frameY="-229" frameWidth="1382" frameHeight="974"/>
<SubTexture name="Whitty Ballistic Cutscene0058" x="2102" y="0" width="451" height="713" frameX="-701" frameY="-230" frameWidth="1382" frameHeight="974"/>
<SubTexture name="Whitty Ballistic Cutscene0059" x="2102" y="0" width="451" height="713" frameX="-701" frameY="-230" frameWidth="1382" frameHeight="974"/>
<SubTexture name="Whitty Ballistic Cutscene0060" x="2553" y="0" width="423" height="713" frameX="-701" frameY="-230" frameWidth="1382" frameHeight="974"/>
<SubTexture name="Whitty Ballistic Cutscene0061" x="2553" y="0" width="423" height="713" frameX="-701" frameY="-230" frameWidth="1382" frameHeight="974"/>
<SubTexture name="Whitty Ballistic Cutscene0062" x="2553" y="0" width="423" height="713" frameX="-701" frameY="-230" frameWidth="1382" frameHeight="974"/>
<SubTexture name="Whitty Ballistic Cutscene0063" x="2553" y="0" width="423" height="713" frameX="-701" frameY="-230" frameWidth="1382" frameHeight="974"/>
<SubTexture name="Whitty Ballistic Cutscene0064" x="2553" y="0" width="423" height="713" frameX="-701" frameY="-230" frameWidth="1382" frameHeight="974"/>
<SubTexture name="Whitty Ballistic Cutscene0065" x="2553" y="0" width="423" height="713" frameX="-701" frameY="-230" frameWidth="1382" frameHeight="974"/>
<SubTexture name="Whitty Ballistic Cutscene0066" x="2553" y="0" width="423" height="713" frameX="-701" frameY="-230" frameWidth="1382" frameHeight="974"/>
<SubTexture name="Whitty Ballistic Cutscene0067" x="2553" y="0" width="423" height="713" frameX="-701" frameY="-230" frameWidth="1382" frameHeight="974"/>
<SubTexture name="Whitty Ballistic Cutscene0068" x="2553" y="0" width="423" height="713" frameX="-701" frameY="-230" frameWidth="1382" frameHeight="974"/>
<SubTexture name="Whitty Ballistic Cutscene0069" x="2553" y="0" width="423" height="713" frameX="-701" frameY="-230" frameWidth="1382" frameHeight="974"/>
<SubTexture name="Whitty Ballistic Cutscene0070" x="2553" y="0" width="423" height="713" frameX="-701" frameY="-230" frameWidth="1382" frameHeight="974"/>
<SubTexture name="Whitty Ballistic Cutscene0071" x="2553" y="0" width="423" height="713" frameX="-701" frameY="-230" frameWidth="1382" frameHeight="974"/>
<SubTexture name="Whitty Ballistic Cutscene0072" x="2553" y="0" width="423" height="713" frameX="-701" frameY="-230" frameWidth="1382" frameHeight="974"/>
<SubTexture name="Whitty Ballistic Cutscene0073" x="2976" y="0" width="452" height="711" frameX="-697" frameY="-233" frameWidth="1382" frameHeight="974"/>
<SubTexture name="Whitty Ballistic Cutscene0074" x="2976" y="0" width="452" height="711" frameX="-697" frameY="-233" frameWidth="1382" frameHeight="974"/>
<SubTexture name="Whitty Ballistic Cutscene0075" x="3428" y="0" width="467" height="737" frameX="-694" frameY="-206" frameWidth="1382" frameHeight="974"/>
<SubTexture name="Whitty Ballistic Cutscene0076" x="3428" y="0" width="467" height="737" frameX="-694" frameY="-206" frameWidth="1382" frameHeight="974"/>
<SubTexture name="Whitty Ballistic Cutscene0077" x="0" y="737" width="667" height="734" frameX="-645" frameY="-209" frameWidth="1382" frameHeight="974"/>
<SubTexture name="Whitty Ballistic Cutscene0078" x="667" y="737" width="766" height="792" frameX="-580" frameY="-151" frameWidth="1382" frameHeight="974"/>
<SubTexture name="Whitty Ballistic Cutscene0079" x="1433" y="737" width="768" height="840" frameX="-567" frameY="-106" frameWidth="1382" frameHeight="974"/>
<SubTexture name="Whitty Ballistic Cutscene0080" x="2201" y="737" width="725" height="929" frameX="-559" frameY="-19" frameWidth="1382" frameHeight="974"/>
<SubTexture name="Whitty Ballistic Cutscene0081" x="2201" y="737" width="725" height="929" frameX="-559" frameY="-19" frameWidth="1382" frameHeight="974"/>
<SubTexture name="Whitty Ballistic Cutscene0082" x="2926" y="737" width="711" height="949" frameX="-552" frameY="-0" frameWidth="1382" frameHeight="974"/>
<SubTexture name="Whitty Ballistic Cutscene0083" x="2926" y="737" width="711" height="949" frameX="-552" frameY="-0" frameWidth="1382" frameHeight="974"/>
<SubTexture name="Whitty Ballistic Cutscene0084" x="2926" y="737" width="711" height="949" frameX="-552" frameY="-0" frameWidth="1382" frameHeight="974"/>
<SubTexture name="Whitty Ballistic Cutscene0085" x="0" y="1686" width="728" height="942" frameX="-534" frameY="-3" frameWidth="1382" frameHeight="974"/>
<SubTexture name="Whitty Ballistic Cutscene0086" x="728" y="1686" width="871" height="840" frameX="-511" frameY="-103" frameWidth="1382" frameHeight="974"/>
<SubTexture name="Whitty Ballistic Cutscene0087" x="1599" y="1686" width="945" height="754" frameX="-280" frameY="-192" frameWidth="1382" frameHeight="974"/>
<SubTexture name="Whitty Ballistic Cutscene0088" x="1599" y="1686" width="945" height="754" frameX="-280" frameY="-192" frameWidth="1382" frameHeight="974"/>
<SubTexture name="Whitty Ballistic Cutscene0089" x="2544" y="1686" width="1095" height="801" frameX="-124" frameY="-173" frameWidth="1382" frameHeight="974"/>
<SubTexture name="Whitty Ballistic Cutscene0090" x="2544" y="1686" width="1095" height="801" frameX="-124" frameY="-173" frameWidth="1382" frameHeight="974"/>
<SubTexture name="Whitty Ballistic Cutscene0091" x="0" y="2628" width="1214" height="788" frameX="-0" frameY="-156" frameWidth="1382" frameHeight="974"/>
<SubTexture name="Whitty Ballistic Cutscene0092" x="1214" y="2628" width="697" height="788" frameX="-517" frameY="-155" frameWidth="1382" frameHeight="974"/>
<SubTexture name="Whitty Ballistic Cutscene0093" x="1214" y="2628" width="697" height="788" frameX="-517" frameY="-155" frameWidth="1382" frameHeight="974"/>
<SubTexture name="Whitty Ballistic Cutscene0094" x="1214" y="2628" width="697" height="788" frameX="-517" frameY="-155" frameWidth="1382" frameHeight="974"/>
<SubTexture name="Whitty Ballistic Cutscene0095" x="1911" y="2628" width="718" height="786" frameX="-518" frameY="-157" frameWidth="1382" frameHeight="974"/>
<SubTexture name="Whitty Ballistic Cutscene0096" x="1911" y="2628" width="718" height="786" frameX="-518" frameY="-157" frameWidth="1382" frameHeight="974"/>
<SubTexture name="Whitty Ballistic Cutscene0097" x="2629" y="2628" width="718" height="789" frameX="-512" frameY="-154" frameWidth="1382" frameHeight="974"/>
<SubTexture name="Whitty Ballistic Cutscene0098" x="2629" y="2628" width="718" height="789" frameX="-512" frameY="-154" frameWidth="1382" frameHeight="974"/>
<SubTexture name="Whitty Ballistic Cutscene0099" x="0" y="3417" width="768" height="738" frameX="-459" frameY="-206" frameWidth="1382" frameHeight="974"/>
<SubTexture name="Whitty Ballistic Cutscene0100" x="0" y="3417" width="768" height="738" frameX="-459" frameY="-206" frameWidth="1382" frameHeight="974"/>
<SubTexture name="Whitty Ballistic Cutscene0101" x="768" y="3417" width="720" height="715" frameX="-502" frameY="-228" frameWidth="1382" frameHeight="974"/>
<SubTexture name="Whitty Ballistic Cutscene0102" x="768" y="3417" width="720" height="715" frameX="-502" frameY="-228" frameWidth="1382" frameHeight="974"/>
<SubTexture name="Whitty Ballistic Cutscene0103" x="1488" y="3417" width="717" height="717" frameX="-504" frameY="-225" frameWidth="1382" frameHeight="974"/>
<SubTexture name="Whitty Ballistic Cutscene0104" x="1488" y="3417" width="717" height="717" frameX="-504" frameY="-225" frameWidth="1382" frameHeight="974"/>
<SubTexture name="Whitty Ballistic Cutscene0105" x="1488" y="3417" width="717" height="717" frameX="-504" frameY="-225" frameWidth="1382" frameHeight="974"/>
<SubTexture name="Whitty Ballistic Cutscene0106" x="1488" y="3417" width="717" height="717" frameX="-504" frameY="-225" frameWidth="1382" frameHeight="974"/>
<SubTexture name="Whitty Ballistic Cutscene0107" x="1488" y="3417" width="717" height="717" frameX="-504" frameY="-225" frameWidth="1382" frameHeight="974"/>
<SubTexture name="Whitty Ballistic Cutscene0108" x="1488" y="3417" width="717" height="717" frameX="-504" frameY="-225" frameWidth="1382" frameHeight="974"/>
<SubTexture name="Whitty Ballistic Cutscene0109" x="1488" y="3417" width="717" height="717" frameX="-504" frameY="-225" frameWidth="1382" frameHeight="974"/>
<SubTexture name="Whitty Ballistic Cutscene0110" x="1488" y="3417" width="717" height="717" frameX="-504" frameY="-225" frameWidth="1382" frameHeight="974"/>
<SubTexture name="Whitty Ballistic Cutscene0111" x="1488" y="3417" width="717" height="717" frameX="-504" frameY="-225" frameWidth="1382" frameHeight="974"/>
<SubTexture name="Whitty Ballistic Cutscene0112" x="1488" y="3417" width="717" height="717" frameX="-504" frameY="-225" frameWidth="1382" frameHeight="974"/>
<SubTexture name="Whitty Ballistic Cutscene0113" x="1488" y="3417" width="717" height="717" frameX="-504" frameY="-225" frameWidth="1382" frameHeight="974"/>
<SubTexture name="Whitty Ballistic Cutscene0114" x="1488" y="3417" width="717" height="717" frameX="-504" frameY="-225" frameWidth="1382" frameHeight="974"/>
<SubTexture name="Whitty Ballistic Cutscene0115" x="1488" y="3417" width="717" height="717" frameX="-504" frameY="-225" frameWidth="1382" frameHeight="974"/>
<SubTexture name="Whitty Ballistic Cutscene0116" x="2205" y="3417" width="716" height="715" frameX="-508" frameY="-226" frameWidth="1382" frameHeight="974"/>
<SubTexture name="Whitty Ballistic Cutscene0117" x="2205" y="3417" width="716" height="715" frameX="-508" frameY="-226" frameWidth="1382" frameHeight="974"/>
<SubTexture name="Whitty Ballistic Cutscene0118" x="2921" y="3417" width="670" height="686" frameX="-554" frameY="-253" frameWidth="1382" frameHeight="974"/>
<SubTexture name="Whitty Ballistic Cutscene0119" x="2921" y="3417" width="670" height="686" frameX="-554" frameY="-253" frameWidth="1382" frameHeight="974"/>
<SubTexture name="Whitty Ballistic Cutscene0120" x="0" y="4155" width="684" height="600" frameX="-547" frameY="-340" frameWidth="1382" frameHeight="974"/>
<SubTexture name="Whitty Ballistic Cutscene0121" x="0" y="4155" width="684" height="600" frameX="-547" frameY="-340" frameWidth="1382" frameHeight="974"/>
<SubTexture name="Whitty Ballistic Cutscene0122" x="684" y="4155" width="670" height="602" frameX="-552" frameY="-337" frameWidth="1382" frameHeight="974"/>
<SubTexture name="Whitty Ballistic Cutscene0123" x="684" y="4155" width="670" height="602" frameX="-552" frameY="-337" frameWidth="1382" frameHeight="974"/>
<SubTexture name="Whitty Ballistic Cutscene0124" x="1354" y="4155" width="664" height="604" frameX="-553" frameY="-335" frameWidth="1382" frameHeight="974"/>
<SubTexture name="Whitty Ballistic Cutscene0125" x="1354" y="4155" width="664" height="604" frameX="-553" frameY="-335" frameWidth="1382" frameHeight="974"/>
<SubTexture name="Whitty Ballistic Cutscene0126" x="1354" y="4155" width="664" height="604" frameX="-553" frameY="-335" frameWidth="1382" frameHeight="974"/>
<SubTexture name="Whitty Ballistic Cutscene0127" x="1354" y="4155" width="664" height="604" frameX="-553" frameY="-335" frameWidth="1382" frameHeight="974"/>
<SubTexture name="Whitty Ballistic Cutscene0128" x="1354" y="4155" width="664" height="604" frameX="-553" frameY="-335" frameWidth="1382" frameHeight="974"/>
<SubTexture name="Whitty Ballistic Cutscene0129" x="1354" y="4155" width="664" height="604" frameX="-553" frameY="-335" frameWidth="1382" frameHeight="974"/>
<SubTexture name="Whitty Ballistic Cutscene0130" x="1354" y="4155" width="664" height="604" frameX="-553" frameY="-335" frameWidth="1382" frameHeight="974"/>
<SubTexture name="Whitty Ballistic Cutscene0131" x="1354" y="4155" width="664" height="604" frameX="-553" frameY="-335" frameWidth="1382" frameHeight="974"/>
<SubTexture name="Whitty Ballistic Cutscene0132" x="1354" y="4155" width="664" height="604" frameX="-553" frameY="-335" frameWidth="1382" frameHeight="974"/>
<SubTexture name="Whitty Ballistic Cutscene0133" x="1354" y="4155" width="664" height="604" frameX="-553" frameY="-335" frameWidth="1382" frameHeight="974"/>
<SubTexture name="Whitty Ballistic Cutscene0134" x="1354" y="4155" width="664" height="604" frameX="-553" frameY="-335" frameWidth="1382" frameHeight="974"/>
<SubTexture name="Whitty Ballistic Cutscene0135" x="1354" y="4155" width="664" height="604" frameX="-553" frameY="-335" frameWidth="1382" frameHeight="974"/>
<SubTexture name="Whitty Ballistic Cutscene0136" x="1354" y="4155" width="664" height="604" frameX="-553" frameY="-335" frameWidth="1382" frameHeight="974"/>
<SubTexture name="Whitty Ballistic Cutscene0137" x="1354" y="4155" width="664" height="604" frameX="-553" frameY="-335" frameWidth="1382" frameHeight="974"/>
<SubTexture name="Whitty Ballistic Cutscene0138" x="1354" y="4155" width="664" height="604" frameX="-553" frameY="-335" frameWidth="1382" frameHeight="974"/>
<SubTexture name="Whitty Ballistic Cutscene0139" x="1354" y="4155" width="664" height="604" frameX="-553" frameY="-335" frameWidth="1382" frameHeight="974"/>
<SubTexture name="Whitty Ballistic Cutscene0140" x="1354" y="4155" width="664" height="604" frameX="-553" frameY="-335" frameWidth="1382" frameHeight="974"/>
<SubTexture name="Whitty Ballistic Cutscene0141" x="1354" y="4155" width="664" height="604" frameX="-553" frameY="-335" frameWidth="1382" frameHeight="974"/>
<SubTexture name="Whitty Ballistic Cutscene0142" x="1354" y="4155" width="664" height="604" frameX="-553" frameY="-335" frameWidth="1382" frameHeight="974"/>
<SubTexture name="Whitty Ballistic Cutscene0143" x="1354" y="4155" width="664" height="604" frameX="-553" frameY="-335" frameWidth="1382" frameHeight="974"/>
<SubTexture name="Whitty Ballistic Cutscene0144" x="1354" y="4155" width="664" height="604" frameX="-553" frameY="-335" frameWidth="1382" frameHeight="974"/>
<SubTexture name="Whitty Ballistic Cutscene0145" x="1354" y="4155" width="664" height="604" frameX="-553" frameY="-335" frameWidth="1382" frameHeight="974"/>
<SubTexture name="Whitty Ballistic Cutscene0146" x="1354" y="4155" width="664" height="604" frameX="-553" frameY="-335" frameWidth="1382" frameHeight="974"/>
<SubTexture name="Whitty Ballistic Cutscene0147" x="1354" y="4155" width="664" height="604" frameX="-553" frameY="-335" frameWidth="1382" frameHeight="974"/>
<SubTexture name="Whitty Ballistic Cutscene0148" x="1354" y="4155" width="664" height="604" frameX="-553" frameY="-335" frameWidth="1382" frameHeight="974"/>
<SubTexture name="Whitty Ballistic Cutscene0149" x="1354" y="4155" width="664" height="604" frameX="-553" frameY="-335" frameWidth="1382" frameHeight="974"/>
<SubTexture name="Whitty Ballistic Cutscene0150" x="1354" y="4155" width="664" height="604" frameX="-553" frameY="-335" frameWidth="1382" frameHeight="974"/>
<SubTexture name="Whitty Ballistic Cutscene0151" x="1354" y="4155" width="664" height="604" frameX="-553" frameY="-335" frameWidth="1382" frameHeight="974"/>
<SubTexture name="Whitty Ballistic Cutscene0152" x="1354" y="4155" width="664" height="604" frameX="-553" frameY="-335" frameWidth="1382" frameHeight="974"/>
<SubTexture name="Whitty Ballistic Cutscene0153" x="1354" y="4155" width="664" height="604" frameX="-553" frameY="-335" frameWidth="1382" frameHeight="974"/>
<SubTexture name="Whitty Ballistic Cutscene0154" x="2018" y="4155" width="672" height="599" frameX="-550" frameY="-338" frameWidth="1382" frameHeight="974"/>
<SubTexture name="Whitty Ballistic Cutscene0155" x="2690" y="4155" width="647" height="673" frameX="-563" frameY="-263" frameWidth="1382" frameHeight="974"/>
<SubTexture name="Whitty Ballistic Cutscene0156" x="3337" y="4155" width="753" height="702" frameX="-526" frameY="-235" frameWidth="1382" frameHeight="974"/>
<SubTexture name="Whitty Ballistic Cutscene0157" x="0" y="4857" width="722" height="759" frameX="-508" frameY="-178" frameWidth="1382" frameHeight="974"/>
<SubTexture name="Whitty Ballistic Cutscene0158" x="722" y="4857" width="722" height="757" frameX="-508" frameY="-180" frameWidth="1382" frameHeight="974"/>
<SubTexture name="Whitty Ballistic Cutscene0159" x="1444" y="4857" width="722" height="770" frameX="-504" frameY="-168" frameWidth="1382" frameHeight="974"/>
<SubTexture name="Whitty Ballistic Cutscene0160" x="2166" y="4857" width="722" height="766" frameX="-504" frameY="-171" frameWidth="1382" frameHeight="974"/>
<SubTexture name="Whitty Ballistic Cutscene0161" x="2888" y="4857" width="705" height="791" frameX="-505" frameY="-146" frameWidth="1382" frameHeight="974"/>
<SubTexture name="Whitty Ballistic Cutscene0162" x="0" y="5648" width="699" height="783" frameX="-509" frameY="-154" frameWidth="1382" frameHeight="974"/>
<SubTexture name="Whitty Ballistic Cutscene0163" x="699" y="5648" width="704" height="776" frameX="-507" frameY="-161" frameWidth="1382" frameHeight="974"/>
<SubTexture name="Whitty Ballistic Cutscene0164" x="1403" y="5648" width="710" height="772" frameX="-503" frameY="-165" frameWidth="1382" frameHeight="974"/>
<SubTexture name="Whitty Ballistic Cutscene0165" x="2113" y="5648" width="710" height="785" frameX="-503" frameY="-152" frameWidth="1382" frameHeight="974"/>
<SubTexture name="Whitty Ballistic Cutscene0166" x="2823" y="5648" width="704" height="775" frameX="-507" frameY="-162" frameWidth="1382" frameHeight="974"/>
<SubTexture name="Whitty Ballistic Cutscene0167" x="699" y="5648" width="704" height="776" frameX="-507" frameY="-161" frameWidth="1382" frameHeight="974"/>
<SubTexture name="Whitty Ballistic Cutscene0168" x="1403" y="5648" width="710" height="772" frameX="-503" frameY="-165" frameWidth="1382" frameHeight="974"/>
<SubTexture name="Whitty Ballistic Cutscene0169" x="2113" y="5648" width="710" height="785" frameX="-503" frameY="-152" frameWidth="1382" frameHeight="974"/>
<SubTexture name="Whitty Ballistic Cutscene0170" x="2823" y="5648" width="704" height="775" frameX="-507" frameY="-162" frameWidth="1382" frameHeight="974"/>
<SubTexture name="Whitty Ballistic Cutscene0171" x="699" y="5648" width="704" height="776" frameX="-507" frameY="-161" frameWidth="1382" frameHeight="974"/>
<SubTexture name="Whitty Ballistic Cutscene0172" x="1403" y="5648" width="710" height="772" frameX="-503" frameY="-165" frameWidth="1382" frameHeight="974"/>
<SubTexture name="Whitty Ballistic Cutscene0173" x="2113" y="5648" width="710" height="785" frameX="-503" frameY="-152" frameWidth="1382" frameHeight="974"/>
<SubTexture name="Whitty Ballistic Cutscene0174" x="2823" y="5648" width="704" height="775" frameX="-507" frameY="-162" frameWidth="1382" frameHeight="974"/>
<SubTexture name="Whitty Ballistic Cutscene0175" x="699" y="5648" width="704" height="776" frameX="-507" frameY="-161" frameWidth="1382" frameHeight="974"/>
<SubTexture name="Whitty Ballistic Cutscene0176" x="1403" y="5648" width="710" height="772" frameX="-503" frameY="-165" frameWidth="1382" frameHeight="974"/>
<SubTexture name="Whitty Ballistic Cutscene0177" x="2113" y="5648" width="710" height="785" frameX="-503" frameY="-152" frameWidth="1382" frameHeight="974"/>
<SubTexture name="Whitty Ballistic Cutscene0178" x="2823" y="5648" width="704" height="775" frameX="-507" frameY="-162" frameWidth="1382" frameHeight="974"/>
<SubTexture name="Whitty Ballistic Cutscene0179" x="699" y="5648" width="704" height="776" frameX="-507" frameY="-161" frameWidth="1382" frameHeight="974"/>
<SubTexture name="Whitty Ballistic Cutscene0180" x="1403" y="5648" width="710" height="772" frameX="-503" frameY="-165" frameWidth="1382" frameHeight="974"/>
<SubTexture name="Whitty Ballistic Cutscene0181" x="2113" y="5648" width="710" height="785" frameX="-503" frameY="-152" frameWidth="1382" frameHeight="974"/>
<SubTexture name="Whitty Ballistic Cutscene0182" x="2823" y="5648" width="704" height="775" frameX="-507" frameY="-162" frameWidth="1382" frameHeight="974"/>
<SubTexture name="Whitty Ballistic Cutscene0183" x="699" y="5648" width="704" height="776" frameX="-507" frameY="-161" frameWidth="1382" frameHeight="974"/>
<SubTexture name="Whitty Ballistic Cutscene0184" x="1403" y="5648" width="710" height="772" frameX="-503" frameY="-165" frameWidth="1382" frameHeight="974"/>
<SubTexture name="Whitty Ballistic Cutscene0185" x="2113" y="5648" width="710" height="785" frameX="-503" frameY="-152" frameWidth="1382" frameHeight="974"/>
<SubTexture name="Whitty Ballistic Cutscene0186" x="2823" y="5648" width="704" height="775" frameX="-507" frameY="-162" frameWidth="1382" frameHeight="974"/>
<SubTexture name="Whitty Ballistic Cutscene0187" x="699" y="5648" width="704" height="776" frameX="-507" frameY="-161" frameWidth="1382" frameHeight="974"/>
<SubTexture name="Whitty Ballistic Cutscene0188" x="1403" y="5648" width="710" height="772" frameX="-503" frameY="-165" frameWidth="1382" frameHeight="974"/>
<SubTexture name="Whitty Ballistic Cutscene0189" x="2113" y="5648" width="710" height="785" frameX="-503" frameY="-152" frameWidth="1382" frameHeight="974"/>
<SubTexture name="Whitty Ballistic Cutscene0190" x="2823" y="5648" width="704" height="775" frameX="-507" frameY="-162" frameWidth="1382" frameHeight="974"/>
<SubTexture name="Whitty Ballistic Cutscene0191" x="699" y="5648" width="704" height="776" frameX="-507" frameY="-161" frameWidth="1382" frameHeight="974"/>
<SubTexture name="Whitty Ballistic Cutscene0192" x="1403" y="5648" width="710" height="772" frameX="-503" frameY="-165" frameWidth="1382" frameHeight="974"/>
<SubTexture name="Whitty Ballistic Cutscene0193" x="2113" y="5648" width="710" height="785" frameX="-503" frameY="-152" frameWidth="1382" frameHeight="974"/>
<SubTexture name="Whitty Ballistic Cutscene0194" x="2823" y="5648" width="704" height="775" frameX="-507" frameY="-162" frameWidth="1382" frameHeight="974"/>
<SubTexture name="Whitty Ballistic Cutscene0195" x="699" y="5648" width="704" height="776" frameX="-507" frameY="-161" frameWidth="1382" frameHeight="974"/>
<SubTexture name="Whitty Ballistic Cutscene0196" x="1403" y="5648" width="710" height="772" frameX="-503" frameY="-165" frameWidth="1382" frameHeight="974"/>
<SubTexture name="Whitty Ballistic Cutscene0197" x="2113" y="5648" width="710" height="785" frameX="-503" frameY="-152" frameWidth="1382" frameHeight="974"/>
<SubTexture name="Whitty Ballistic Cutscene0198" x="2823" y="5648" width="704" height="775" frameX="-507" frameY="-162" frameWidth="1382" frameHeight="974"/>
<SubTexture name="Whitty Ballistic Cutscene0199" x="699" y="5648" width="704" height="776" frameX="-507" frameY="-161" frameWidth="1382" frameHeight="974"/>
<SubTexture name="Whitty Ballistic Cutscene0200" x="1403" y="5648" width="710" height="772" frameX="-503" frameY="-165" frameWidth="1382" frameHeight="974"/>
<SubTexture name="Whitty Ballistic Cutscene0201" x="2113" y="5648" width="710" height="785" frameX="-503" frameY="-152" frameWidth="1382" frameHeight="974"/>
<SubTexture name="Whitty Ballistic Cutscene0202" x="2823" y="5648" width="704" height="775" frameX="-507" frameY="-162" frameWidth="1382" frameHeight="974"/>
<SubTexture name="Whitty Ballistic Cutscene0203" x="699" y="5648" width="704" height="776" frameX="-507" frameY="-161" frameWidth="1382" frameHeight="974"/>
<SubTexture name="Whitty Ballistic Cutscene0204" x="1403" y="5648" width="710" height="772" frameX="-503" frameY="-165" frameWidth="1382" frameHeight="974"/>
<SubTexture name="Whitty Ballistic Cutscene0205" x="2113" y="5648" width="710" height="785" frameX="-503" frameY="-152" frameWidth="1382" frameHeight="974"/>
<SubTexture name="Whitty Ballistic Cutscene0206" x="2823" y="5648" width="704" height="775" frameX="-507" frameY="-162" frameWidth="1382" frameHeight="974"/>
<SubTexture name="Whitty Ballistic Cutscene0207" x="699" y="5648" width="704" height="776" frameX="-507" frameY="-161" frameWidth="1382" frameHeight="974"/>
<SubTexture name="Whitty Ballistic Cutscene0208" x="1403" y="5648" width="710" height="772" frameX="-503" frameY="-165" frameWidth="1382" frameHeight="974"/>
<SubTexture name="Whitty Ballistic Cutscene0209" x="2113" y="5648" width="710" height="785" frameX="-503" frameY="-152" frameWidth="1382" frameHeight="974"/>
<SubTexture name="Whitty Ballistic Cutscene0210" x="2823" y="5648" width="704" height="775" frameX="-507" frameY="-162" frameWidth="1382" frameHeight="974"/>
<SubTexture name="Whitty Ballistic Cutscene0211" x="699" y="5648" width="704" height="776" frameX="-507" frameY="-161" frameWidth="1382" frameHeight="974"/>
<SubTexture name="Whitty Ballistic Cutscene0212" x="1403" y="5648" width="710" height="772" frameX="-503" frameY="-165" frameWidth="1382" frameHeight="974"/>
<SubTexture name="Whitty Ballistic Cutscene0213" x="2113" y="5648" width="710" height="785" frameX="-503" frameY="-152" frameWidth="1382" frameHeight="974"/>
<SubTexture name="Whitty Ballistic Cutscene0214" x="2823" y="5648" width="704" height="775" frameX="-507" frameY="-162" frameWidth="1382" frameHeight="974"/>
<SubTexture name="Whitty Ballistic Cutscene0215" x="699" y="5648" width="704" height="776" frameX="-507" frameY="-161" frameWidth="1382" frameHeight="974"/>
<SubTexture name="Whitty Ballistic Cutscene0216" x="1403" y="5648" width="710" height="772" frameX="-503" frameY="-165" frameWidth="1382" frameHeight="974"/>
<SubTexture name="Whitty Ballistic Cutscene0217" x="2113" y="5648" width="710" height="785" frameX="-503" frameY="-152" frameWidth="1382" frameHeight="974"/>
<SubTexture name="Whitty Ballistic Cutscene0218" x="2823" y="5648" width="704" height="775" frameX="-507" frameY="-162" frameWidth="1382" frameHeight="974"/>
<SubTexture name="Whitty Ballistic Cutscene0219" x="699" y="5648" width="704" height="776" frameX="-507" frameY="-161" frameWidth="1382" frameHeight="974"/>
<SubTexture name="Whitty Ballistic Cutscene0220" x="1403" y="5648" width="710" height="772" frameX="-503" frameY="-165" frameWidth="1382" frameHeight="974"/>
<SubTexture name="Whitty Ballistic Cutscene0221" x="2113" y="5648" width="710" height="785" frameX="-503" frameY="-152" frameWidth="1382" frameHeight="974"/>
<SubTexture name="Whitty Ballistic Cutscene0222" x="2823" y="5648" width="704" height="775" frameX="-507" frameY="-162" frameWidth="1382" frameHeight="974"/>
<SubTexture name="Whitty Ballistic Cutscene0223" x="699" y="5648" width="704" height="776" frameX="-507" frameY="-161" frameWidth="1382" frameHeight="974"/>
<SubTexture name="Whitty Ballistic Cutscene0224" x="1403" y="5648" width="710" height="772" frameX="-503" frameY="-165" frameWidth="1382" frameHeight="974"/>
<SubTexture name="Whitty Ballistic Cutscene0225" x="2113" y="5648" width="710" height="785" frameX="-503" frameY="-152" frameWidth="1382" frameHeight="974"/>
<SubTexture name="Whitty Ballistic Cutscene0226" x="2823" y="5648" width="704" height="775" frameX="-507" frameY="-162" frameWidth="1382" frameHeight="974"/>
<SubTexture name="Whitty Ballistic Cutscene0227" x="699" y="5648" width="704" height="776" frameX="-507" frameY="-161" frameWidth="1382" frameHeight="974"/>
<SubTexture name="Whitty Ballistic Cutscene0228" x="1403" y="5648" width="710" height="772" frameX="-503" frameY="-165" frameWidth="1382" frameHeight="974"/>
<SubTexture name="Whitty Ballistic Cutscene0229" x="2113" y="5648" width="710" height="785" frameX="-503" frameY="-152" frameWidth="1382" frameHeight="974"/>
<SubTexture name="Whitty Ballistic Cutscene0230" x="2823" y="5648" width="704" height="775" frameX="-507" frameY="-162" frameWidth="1382" frameHeight="974"/>
<SubTexture name="Whitty Ballistic Cutscene0231" x="699" y="5648" width="704" height="776" frameX="-507" frameY="-161" frameWidth="1382" frameHeight="974"/>
<SubTexture name="Whitty Ballistic Cutscene0232" x="1403" y="5648" width="710" height="772" frameX="-503" frameY="-165" frameWidth="1382" frameHeight="974"/>
<SubTexture name="Whitty Ballistic Cutscene0233" x="2113" y="5648" width="710" height="785" frameX="-503" frameY="-152" frameWidth="1382" frameHeight="974"/>
<SubTexture name="Whitty Ballistic Cutscene0234" x="2823" y="5648" width="704" height="775" frameX="-507" frameY="-162" frameWidth="1382" frameHeight="974"/>
<SubTexture name="Whitty Ballistic Cutscene0235" x="699" y="5648" width="704" height="776" frameX="-507" frameY="-161" frameWidth="1382" frameHeight="974"/>
<SubTexture name="Whitty Ballistic Cutscene0236" x="1403" y="5648" width="710" height="772" frameX="-503" frameY="-165" frameWidth="1382" frameHeight="974"/>
<SubTexture name="Whitty Ballistic Cutscene0237" x="2113" y="5648" width="710" height="785" frameX="-503" frameY="-152" frameWidth="1382" frameHeight="974"/>
<SubTexture name="Whitty Ballistic Cutscene0238" x="2823" y="5648" width="704" height="775" frameX="-507" frameY="-162" frameWidth="1382" frameHeight="974"/>
<SubTexture name="Whitty Ballistic Cutscene0239" x="699" y="5648" width="704" height="776" frameX="-507" frameY="-161" frameWidth="1382" frameHeight="974"/>
<SubTexture name="Whitty Ballistic Cutscene0240" x="1403" y="5648" width="710" height="772" frameX="-503" frameY="-165" frameWidth="1382" frameHeight="974"/>
<SubTexture name="Whitty Ballistic Cutscene0241" x="2113" y="5648" width="710" height="785" frameX="-503" frameY="-152" frameWidth="1382" frameHeight="974"/>
<SubTexture name="Whitty Ballistic Cutscene0242" x="2823" y="5648" width="704" height="775" frameX="-507" frameY="-162" frameWidth="1382" frameHeight="974"/>
<SubTexture name="Whitty Ballistic Cutscene0243" x="2823" y="5648" width="704" height="775" frameX="-507" frameY="-162" frameWidth="1382" frameHeight="974"/>
</TextureAtlas>