<?xml version="1.0" encoding="utf-8"?>
<TextureAtlas imagePath="Whitty Cutscene Lo-Fight.png">
<!-- Created with whitty-executor.exe -->
<SubTexture name="Whitty Cutscene Startup 10000" x="0" y="0" width="495" height="931" frameX="-371" frameY="-18" frameWidth="1090" frameHeight="951"/>
<SubTexture name="Whitty Cutscene Startup 10001" x="0" y="0" width="495" height="931" frameX="-371" frameY="-18" frameWidth="1090" frameHeight="951"/>
<SubTexture name="Whitty Cutscene Startup 10002" x="0" y="0" width="495" height="931" frameX="-371" frameY="-18" frameWidth="1090" frameHeight="951"/>
<SubTexture name="Whitty Cutscene Startup 10003" x="0" y="0" width="495" height="931" frameX="-371" frameY="-18" frameWidth="1090" frameHeight="951"/>
<SubTexture name="Whitty Cutscene Startup 10004" x="0" y="0" width="495" height="931" frameX="-371" frameY="-18" frameWidth="1090" frameHeight="951"/>
<SubTexture name="Whitty Cutscene Startup 10005" x="0" y="0" width="495" height="931" frameX="-371" frameY="-18" frameWidth="1090" frameHeight="951"/>
<SubTexture name="Whitty Cutscene Startup 10006" x="0" y="0" width="495" height="931" frameX="-371" frameY="-18" frameWidth="1090" frameHeight="951"/>
<SubTexture name="Whitty Cutscene Startup 10007" x="0" y="0" width="495" height="931" frameX="-371" frameY="-18" frameWidth="1090" frameHeight="951"/>
<SubTexture name="Whitty Cutscene Startup 10008" x="0" y="0" width="495" height="931" frameX="-371" frameY="-18" frameWidth="1090" frameHeight="951"/>
<SubTexture name="Whitty Cutscene Startup 10009" x="0" y="0" width="495" height="931" frameX="-371" frameY="-18" frameWidth="1090" frameHeight="951"/>
<SubTexture name="Whitty Cutscene Startup 10010" x="0" y="0" width="495" height="931" frameX="-371" frameY="-18" frameWidth="1090" frameHeight="951"/>
<SubTexture name="Whitty Cutscene Startup 10011" x="0" y="0" width="495" height="931" frameX="-371" frameY="-18" frameWidth="1090" frameHeight="951"/>
<SubTexture name="Whitty Cutscene Startup 10012" x="0" y="0" width="495" height="931" frameX="-371" frameY="-18" frameWidth="1090" frameHeight="951"/>
<SubTexture name="Whitty Cutscene Startup 10013" x="0" y="0" width="495" height="931" frameX="-371" frameY="-18" frameWidth="1090" frameHeight="951"/>
<SubTexture name="Whitty Cutscene Startup 10014" x="0" y="0" width="495" height="931" frameX="-371" frameY="-18" frameWidth="1090" frameHeight="951"/>
<SubTexture name="Whitty Cutscene Startup 10015" x="0" y="0" width="495" height="931" frameX="-371" frameY="-18" frameWidth="1090" frameHeight="951"/>
<SubTexture name="Whitty Cutscene Startup 10016" x="0" y="0" width="495" height="931" frameX="-371" frameY="-18" frameWidth="1090" frameHeight="951"/>
<SubTexture name="Whitty Cutscene Startup 10017" x="0" y="0" width="495" height="931" frameX="-371" frameY="-18" frameWidth="1090" frameHeight="951"/>
<SubTexture name="Whitty Cutscene Startup 10018" x="0" y="0" width="495" height="931" frameX="-371" frameY="-18" frameWidth="1090" frameHeight="951"/>
<SubTexture name="Whitty Cutscene Startup 10019" x="0" y="0" width="495" height="931" frameX="-371" frameY="-18" frameWidth="1090" frameHeight="951"/>
<SubTexture name="Whitty Cutscene Startup 10020" x="0" y="0" width="495" height="931" frameX="-371" frameY="-18" frameWidth="1090" frameHeight="951"/>
<SubTexture name="Whitty Cutscene Startup 10021" x="0" y="0" width="495" height="931" frameX="-371" frameY="-18" frameWidth="1090" frameHeight="951"/>
<SubTexture name="Whitty Cutscene Startup 10022" x="0" y="0" width="495" height="931" frameX="-371" frameY="-18" frameWidth="1090" frameHeight="951"/>
<SubTexture name="Whitty Cutscene Startup 10023" x="0" y="0" width="495" height="931" frameX="-371" frameY="-18" frameWidth="1090" frameHeight="951"/>
<SubTexture name="Whitty Cutscene Startup 10024" x="0" y="0" width="495" height="931" frameX="-371" frameY="-18" frameWidth="1090" frameHeight="951"/>
<SubTexture name="Whitty Cutscene Startup 10025" x="0" y="0" width="495" height="931" frameX="-371" frameY="-18" frameWidth="1090" frameHeight="951"/>
<SubTexture name="Whitty Cutscene Startup 10026" x="0" y="0" width="495" height="931" frameX="-371" frameY="-18" frameWidth="1090" frameHeight="951"/>
<SubTexture name="Whitty Cutscene Startup 10027" x="0" y="0" width="495" height="931" frameX="-371" frameY="-18" frameWidth="1090" frameHeight="951"/>
<SubTexture name="Whitty Cutscene Startup 10028" x="0" y="0" width="495" height="931" frameX="-371" frameY="-18" frameWidth="1090" frameHeight="951"/>
<SubTexture name="Whitty Cutscene Startup 10029" x="0" y="0" width="495" height="931" frameX="-371" frameY="-18" frameWidth="1090" frameHeight="951"/>
<SubTexture name="Whitty Cutscene Startup 10030" x="0" y="0" width="495" height="931" frameX="-371" frameY="-18" frameWidth="1090" frameHeight="951"/>
<SubTexture name="Whitty Cutscene Startup 10031" x="0" y="0" width="495" height="931" frameX="-371" frameY="-18" frameWidth="1090" frameHeight="951"/>
<SubTexture name="Whitty Cutscene Startup 10032" x="0" y="0" width="495" height="931" frameX="-371" frameY="-18" frameWidth="1090" frameHeight="951"/>
<SubTexture name="Whitty Cutscene Startup 10033" x="0" y="0" width="495" height="931" frameX="-371" frameY="-18" frameWidth="1090" frameHeight="951"/>
<SubTexture name="Whitty Cutscene Startup 10034" x="495" y="0" width="458" height="918" frameX="-414" frameY="-29" frameWidth="1090" frameHeight="951"/>
<SubTexture name="Whitty Cutscene Startup 10035" x="495" y="0" width="458" height="918" frameX="-414" frameY="-29" frameWidth="1090" frameHeight="951"/>
<SubTexture name="Whitty Cutscene Startup 10036" x="953" y="0" width="462" height="915" frameX="-406" frameY="-33" frameWidth="1090" frameHeight="951"/>
<SubTexture name="Whitty Cutscene Startup 10037" x="953" y="0" width="462" height="915" frameX="-406" frameY="-33" frameWidth="1090" frameHeight="951"/>
<SubTexture name="Whitty Cutscene Startup 10038" x="1415" y="0" width="594" height="950" frameX="-272" frameY="-0" frameWidth="1090" frameHeight="951"/>
<SubTexture name="Whitty Cutscene Startup 10039" x="1415" y="0" width="594" height="950" frameX="-272" frameY="-0" frameWidth="1090" frameHeight="951"/>
<SubTexture name="Whitty Cutscene Startup 10040" x="2009" y="0" width="594" height="934" frameX="-273" frameY="-16" frameWidth="1090" frameHeight="951"/>
<SubTexture name="Whitty Cutscene Startup 10041" x="2009" y="0" width="594" height="934" frameX="-273" frameY="-16" frameWidth="1090" frameHeight="951"/>
<SubTexture name="Whitty Cutscene Startup 10042" x="2009" y="0" width="594" height="934" frameX="-273" frameY="-16" frameWidth="1090" frameHeight="951"/>
<SubTexture name="Whitty Cutscene Startup 10043" x="2009" y="0" width="594" height="934" frameX="-273" frameY="-16" frameWidth="1090" frameHeight="951"/>
<SubTexture name="Whitty Cutscene Startup 10044" x="2009" y="0" width="594" height="934" frameX="-273" frameY="-16" frameWidth="1090" frameHeight="951"/>
<SubTexture name="Whitty Cutscene Startup 10045" x="2009" y="0" width="594" height="934" frameX="-273" frameY="-16" frameWidth="1090" frameHeight="951"/>
<SubTexture name="Whitty Cutscene Startup 10046" x="2009" y="0" width="594" height="934" frameX="-273" frameY="-16" frameWidth="1090" frameHeight="951"/>
<SubTexture name="Whitty Cutscene Startup 10047" x="2009" y="0" width="594" height="934" frameX="-273" frameY="-16" frameWidth="1090" frameHeight="951"/>
<SubTexture name="Whitty Cutscene Startup 10048" x="2009" y="0" width="594" height="934" frameX="-273" frameY="-16" frameWidth="1090" frameHeight="951"/>
<SubTexture name="Whitty Cutscene Startup 10049" x="2009" y="0" width="594" height="934" frameX="-273" frameY="-16" frameWidth="1090" frameHeight="951"/>
<SubTexture name="Whitty Cutscene Startup 10050" x="2009" y="0" width="594" height="934" frameX="-273" frameY="-16" frameWidth="1090" frameHeight="951"/>
<SubTexture name="Whitty Cutscene Startup 10051" x="2009" y="0" width="594" height="934" frameX="-273" frameY="-16" frameWidth="1090" frameHeight="951"/>
<SubTexture name="Whitty Cutscene Startup 10052" x="2009" y="0" width="594" height="934" frameX="-273" frameY="-16" frameWidth="1090" frameHeight="951"/>
<SubTexture name="Whitty Cutscene Startup 10053" x="2009" y="0" width="594" height="934" frameX="-273" frameY="-16" frameWidth="1090" frameHeight="951"/>
<SubTexture name="Whitty Cutscene Startup 10054" x="2009" y="0" width="594" height="934" frameX="-273" frameY="-16" frameWidth="1090" frameHeight="951"/>
<SubTexture name="Whitty Cutscene Startup 10055" x="2009" y="0" width="594" height="934" frameX="-273" frameY="-16" frameWidth="1090" frameHeight="951"/>
<SubTexture name="Whitty Cutscene Startup 10056" x="2009" y="0" width="594" height="934" frameX="-273" frameY="-16" frameWidth="1090" frameHeight="951"/>
<SubTexture name="Whitty Cutscene Startup 10057" x="2009" y="0" width="594" height="934" frameX="-273" frameY="-16" frameWidth="1090" frameHeight="951"/>
<SubTexture name="Whitty Cutscene Startup 10058" x="2009" y="0" width="594" height="934" frameX="-273" frameY="-16" frameWidth="1090" frameHeight="951"/>
<SubTexture name="Whitty Cutscene Startup 10059" x="2009" y="0" width="594" height="934" frameX="-273" frameY="-16" frameWidth="1090" frameHeight="951"/>
<SubTexture name="Whitty Cutscene Startup 10060" x="2009" y="0" width="594" height="934" frameX="-273" frameY="-16" frameWidth="1090" frameHeight="951"/>
<SubTexture name="Whitty Cutscene Startup 10061" x="2603" y="0" width="633" height="940" frameX="-256" frameY="-11" frameWidth="1090" frameHeight="951"/>
<SubTexture name="Whitty Cutscene Startup 10062" x="3236" y="0" width="760" height="940" frameX="-192" frameY="-11" frameWidth="1090" frameHeight="951"/>
<SubTexture name="Whitty Cutscene Startup 10063" x="3236" y="0" width="760" height="940" frameX="-192" frameY="-11" frameWidth="1090" frameHeight="951"/>
<SubTexture name="Whitty Cutscene Startup 10064" x="0" y="950" width="960" height="937" frameX="-86" frameY="-13" frameWidth="1090" frameHeight="951"/>
<SubTexture name="Whitty Cutscene Startup 10065" x="0" y="950" width="960" height="937" frameX="-86" frameY="-13" frameWidth="1090" frameHeight="951"/>
<SubTexture name="Whitty Cutscene Startup 10066" x="960" y="950" width="1090" height="937" frameX="-0" frameY="-13" frameWidth="1090" frameHeight="951"/>
<SubTexture name="Whitty Cutscene Startup 10067" x="960" y="950" width="1090" height="937" frameX="-0" frameY="-13" frameWidth="1090" frameHeight="951"/>
<SubTexture name="Whitty Cutscene Startup 10068" x="2050" y="950" width="1088" height="937" frameX="-2" frameY="-13" frameWidth="1090" frameHeight="951"/>
<SubTexture name="Whitty Cutscene Startup 10069" x="2050" y="950" width="1088" height="937" frameX="-2" frameY="-13" frameWidth="1090" frameHeight="951"/>
<SubTexture name="Whitty Cutscene Startup 10070" x="0" y="1887" width="988" height="937" frameX="-60" frameY="-13" frameWidth="1090" frameHeight="951"/>
<SubTexture name="Whitty Cutscene Startup 10071" x="988" y="1887" width="894" height="937" frameX="-113" frameY="-13" frameWidth="1090" frameHeight="951"/>
<SubTexture name="Whitty Cutscene Startup 10072" x="1882" y="1887" width="740" height="937" frameX="-205" frameY="-13" frameWidth="1090" frameHeight="951"/>
<SubTexture name="Whitty Cutscene Startup 10073" x="2622" y="1887" width="618" height="937" frameX="-257" frameY="-13" frameWidth="1090" frameHeight="951"/>
<SubTexture name="Whitty Cutscene Startup 10074" x="3240" y="1887" width="618" height="937" frameX="-257" frameY="-13" frameWidth="1090" frameHeight="951"/>
<SubTexture name="Whitty Cutscene Startup 10075" x="3240" y="1887" width="618" height="937" frameX="-257" frameY="-13" frameWidth="1090" frameHeight="951"/>
<SubTexture name="Whitty Cutscene Startup 10076" x="3240" y="1887" width="618" height="937" frameX="-257" frameY="-13" frameWidth="1090" frameHeight="951"/>
<SubTexture name="Whitty Cutscene Startup 10077" x="3240" y="1887" width="618" height="937" frameX="-257" frameY="-13" frameWidth="1090" frameHeight="951"/>
<SubTexture name="Whitty Cutscene Startup 10078" x="3240" y="1887" width="618" height="937" frameX="-257" frameY="-13" frameWidth="1090" frameHeight="951"/>
<SubTexture name="Whitty Cutscene Startup 10079" x="3240" y="1887" width="618" height="937" frameX="-257" frameY="-13" frameWidth="1090" frameHeight="951"/>
<SubTexture name="Whitty Cutscene Startup 10080" x="3240" y="1887" width="618" height="937" frameX="-257" frameY="-13" frameWidth="1090" frameHeight="951"/>
<SubTexture name="Whitty Cutscene Startup 10081" x="3240" y="1887" width="618" height="937" frameX="-257" frameY="-13" frameWidth="1090" frameHeight="951"/>
<SubTexture name="Whitty Cutscene Startup 10082" x="3240" y="1887" width="618" height="937" frameX="-257" frameY="-13" frameWidth="1090" frameHeight="951"/>
<SubTexture name="Whitty Cutscene Startup 10083" x="3240" y="1887" width="618" height="937" frameX="-257" frameY="-13" frameWidth="1090" frameHeight="951"/>
<SubTexture name="Whitty Cutscene Startup 10084" x="3240" y="1887" width="618" height="937" frameX="-257" frameY="-13" frameWidth="1090" frameHeight="951"/>
<SubTexture name="Whitty Cutscene Startup 10085" x="3240" y="1887" width="618" height="937" frameX="-257" frameY="-13" frameWidth="1090" frameHeight="951"/>
<SubTexture name="Whitty Cutscene Startup 10086" x="3240" y="1887" width="618" height="937" frameX="-257" frameY="-13" frameWidth="1090" frameHeight="951"/>
<SubTexture name="Whitty Cutscene Startup 10087" x="3240" y="1887" width="618" height="937" frameX="-257" frameY="-13" frameWidth="1090" frameHeight="951"/>
<SubTexture name="Whitty Cutscene Startup 10088" x="3240" y="1887" width="618" height="937" frameX="-257" frameY="-13" frameWidth="1090" frameHeight="951"/>
<SubTexture name="Whitty Cutscene Startup 10089" x="3240" y="1887" width="618" height="937" frameX="-257" frameY="-13" frameWidth="1090" frameHeight="951"/>
<SubTexture name="Whitty Cutscene Startup 10090" x="3240" y="1887" width="618" height="937" frameX="-257" frameY="-13" frameWidth="1090" frameHeight="951"/>
<SubTexture name="Whitty Cutscene Startup 10091" x="3240" y="1887" width="618" height="937" frameX="-257" frameY="-13" frameWidth="1090" frameHeight="951"/>
<SubTexture name="Whitty Cutscene Startup 10092" x="3240" y="1887" width="618" height="937" frameX="-257" frameY="-13" frameWidth="1090" frameHeight="951"/>
<SubTexture name="Whitty Cutscene Startup 10093" x="3240" y="1887" width="618" height="937" frameX="-257" frameY="-13" frameWidth="1090" frameHeight="951"/>
<SubTexture name="Whitty Cutscene Startup 10094" x="3240" y="1887" width="618" height="937" frameX="-257" frameY="-13" frameWidth="1090" frameHeight="951"/>
<SubTexture name="Whitty Cutscene Startup 10095" x="3240" y="1887" width="618" height="937" frameX="-257" frameY="-13" frameWidth="1090" frameHeight="951"/>
<SubTexture name="Whitty Cutscene Startup 10096" x="3240" y="1887" width="618" height="937" frameX="-257" frameY="-13" frameWidth="1090" frameHeight="951"/>
<SubTexture name="Whitty Cutscene Startup 10097" x="3240" y="1887" width="618" height="937" frameX="-257" frameY="-13" frameWidth="1090" frameHeight="951"/>
<SubTexture name="Whitty Cutscene Startup 10098" x="3240" y="1887" width="618" height="937" frameX="-257" frameY="-13" frameWidth="1090" frameHeight="951"/>
<SubTexture name="Whitty Cutscene Startup 10099" x="0" y="2824" width="481" height="925" frameX="-394" frameY="-24" frameWidth="1090" frameHeight="951"/>
<SubTexture name="Whitty Cutscene Startup 10100" x="481" y="2824" width="488" height="893" frameX="-387" frameY="-53" frameWidth="1090" frameHeight="951"/>
<SubTexture name="Whitty Cutscene Startup 10101" x="481" y="2824" width="488" height="893" frameX="-387" frameY="-53" frameWidth="1090" frameHeight="951"/>
<SubTexture name="Whitty Cutscene Startup 10102" x="969" y="2824" width="474" height="907" frameX="-399" frameY="-40" frameWidth="1090" frameHeight="951"/>
<SubTexture name="Whitty Cutscene Startup 10103" x="969" y="2824" width="474" height="907" frameX="-399" frameY="-40" frameWidth="1090" frameHeight="951"/>
<SubTexture name="Whitty Cutscene Startup 10104" x="1443" y="2824" width="470" height="921" frameX="-403" frameY="-25" frameWidth="1090" frameHeight="951"/>
<SubTexture name="Whitty Cutscene Startup 10105" x="1443" y="2824" width="470" height="921" frameX="-403" frameY="-25" frameWidth="1090" frameHeight="951"/>
<SubTexture name="Whitty Cutscene Startup 10106" x="1443" y="2824" width="470" height="921" frameX="-403" frameY="-25" frameWidth="1090" frameHeight="951"/>
<SubTexture name="Whitty Cutscene Startup 10107" x="1443" y="2824" width="470" height="921" frameX="-403" frameY="-25" frameWidth="1090" frameHeight="951"/>
<SubTexture name="Whitty Cutscene Startup 10108" x="1443" y="2824" width="470" height="921" frameX="-403" frameY="-25" frameWidth="1090" frameHeight="951"/>
<SubTexture name="Whitty Cutscene Startup 10109" x="1443" y="2824" width="470" height="921" frameX="-403" frameY="-25" frameWidth="1090" frameHeight="951"/>
<SubTexture name="Whitty Cutscene Startup 10110" x="1443" y="2824" width="470" height="921" frameX="-403" frameY="-25" frameWidth="1090" frameHeight="951"/>
<SubTexture name="Whitty Cutscene Startup 10111" x="1443" y="2824" width="470" height="921" frameX="-403" frameY="-25" frameWidth="1090" frameHeight="951"/>
<SubTexture name="Whitty Cutscene Startup 10112" x="1443" y="2824" width="470" height="921" frameX="-403" frameY="-25" frameWidth="1090" frameHeight="951"/>
<SubTexture name="Whitty Cutscene Startup 10113" x="1443" y="2824" width="470" height="921" frameX="-403" frameY="-25" frameWidth="1090" frameHeight="951"/>
<SubTexture name="Whitty Cutscene Startup 10114" x="1443" y="2824" width="470" height="921" frameX="-403" frameY="-25" frameWidth="1090" frameHeight="951"/>
<SubTexture name="Whitty Cutscene Startup 10115" x="1443" y="2824" width="470" height="921" frameX="-403" frameY="-25" frameWidth="1090" frameHeight="951"/>
<SubTexture name="Whitty Cutscene Startup 10116" x="1443" y="2824" width="470" height="921" frameX="-403" frameY="-25" frameWidth="1090" frameHeight="951"/>
<SubTexture name="Whitty Cutscene Startup 10117" x="1443" y="2824" width="470" height="921" frameX="-403" frameY="-25" frameWidth="1090" frameHeight="951"/>
<SubTexture name="Whitty Cutscene Startup 10118" x="1443" y="2824" width="470" height="921" frameX="-403" frameY="-25" frameWidth="1090" frameHeight="951"/>
<SubTexture name="Whitty Cutscene Startup 10119" x="1443" y="2824" width="470" height="921" frameX="-403" frameY="-25" frameWidth="1090" frameHeight="951"/>
<SubTexture name="Whitty Cutscene Startup 10120" x="1443" y="2824" width="470" height="921" frameX="-403" frameY="-25" frameWidth="1090" frameHeight="951"/>
<SubTexture name="Whitty Cutscene Startup 10121" x="1443" y="2824" width="470" height="921" frameX="-403" frameY="-25" frameWidth="1090" frameHeight="951"/>
<SubTexture name="Whitty Cutscene Startup 10122" x="1443" y="2824" width="470" height="921" frameX="-403" frameY="-25" frameWidth="1090" frameHeight="951"/>
<SubTexture name="Whitty Cutscene Startup 10123" x="1443" y="2824" width="470" height="921" frameX="-403" frameY="-25" frameWidth="1090" frameHeight="951"/>
<SubTexture name="Whitty Cutscene Startup 10124" x="1443" y="2824" width="470" height="921" frameX="-403" frameY="-25" frameWidth="1090" frameHeight="951"/>
<SubTexture name="Whitty Cutscene Startup 10125" x="1443" y="2824" width="470" height="921" frameX="-403" frameY="-25" frameWidth="1090" frameHeight="951"/>
<SubTexture name="Whitty Cutscene Startup 10126" x="1443" y="2824" width="470" height="921" frameX="-403" frameY="-25" frameWidth="1090" frameHeight="951"/>
<SubTexture name="Whitty Cutscene Startup 10127" x="1443" y="2824" width="470" height="921" frameX="-403" frameY="-25" frameWidth="1090" frameHeight="951"/>
<SubTexture name="Whitty Cutscene Startup 10128" x="1443" y="2824" width="470" height="921" frameX="-403" frameY="-25" frameWidth="1090" frameHeight="951"/>
<SubTexture name="Whitty Cutscene Startup 10129" x="1443" y="2824" width="470" height="921" frameX="-403" frameY="-25" frameWidth="1090" frameHeight="951"/>
<SubTexture name="Whitty Cutscene Startup 10130" x="1443" y="2824" width="470" height="921" frameX="-403" frameY="-25" frameWidth="1090" frameHeight="951"/>
<SubTexture name="Whitty Cutscene Startup 10131" x="1443" y="2824" width="470" height="921" frameX="-403" frameY="-25" frameWidth="1090" frameHeight="951"/>
<SubTexture name="Whitty Cutscene Startup 10132" x="1443" y="2824" width="470" height="921" frameX="-403" frameY="-25" frameWidth="1090" frameHeight="951"/>
<SubTexture name="Whitty Cutscene Startup 10133" x="1443" y="2824" width="470" height="921" frameX="-403" frameY="-25" frameWidth="1090" frameHeight="951"/>
<SubTexture name="Whitty Cutscene Startup 10134" x="1443" y="2824" width="470" height="921" frameX="-403" frameY="-25" frameWidth="1090" frameHeight="951"/>
<SubTexture name="Whitty Cutscene Startup 10135" x="1443" y="2824" width="470" height="921" frameX="-403" frameY="-25" frameWidth="1090" frameHeight="951"/>
<SubTexture name="Whitty Cutscene Startup 10136" x="1443" y="2824" width="470" height="921" frameX="-403" frameY="-25" frameWidth="1090" frameHeight="951"/>
<SubTexture name="Whitty Cutscene Startup 10137" x="1443" y="2824" width="470" height="921" frameX="-403" frameY="-25" frameWidth="1090" frameHeight="951"/>
<SubTexture name="Whitty Cutscene Startup 10138" x="1443" y="2824" width="470" height="921" frameX="-403" frameY="-25" frameWidth="1090" frameHeight="951"/>
<SubTexture name="Whitty Cutscene Startup 10139" x="1443" y="2824" width="470" height="921" frameX="-403" frameY="-25" frameWidth="1090" frameHeight="951"/>
<SubTexture name="Whitty Cutscene Startup 10140" x="1443" y="2824" width="470" height="921" frameX="-403" frameY="-25" frameWidth="1090" frameHeight="951"/>
<SubTexture name="Whitty Cutscene Startup 10141" x="1443" y="2824" width="470" height="921" frameX="-403" frameY="-25" frameWidth="1090" frameHeight="951"/>
<SubTexture name="Whitty Cutscene Startup 10142" x="1443" y="2824" width="470" height="921" frameX="-403" frameY="-25" frameWidth="1090" frameHeight="951"/>
<SubTexture name="Whitty Cutscene Startup 10143" x="1443" y="2824" width="470" height="921" frameX="-403" frameY="-25" frameWidth="1090" frameHeight="951"/>
<SubTexture name="Whitty Cutscene Startup 10144" x="1443" y="2824" width="470" height="921" frameX="-403" frameY="-25" frameWidth="1090" frameHeight="951"/>
<SubTexture name="Whitty Cutscene Startup 10145" x="1443" y="2824" width="470" height="921" frameX="-403" frameY="-25" frameWidth="1090" frameHeight="951"/>
<SubTexture name="Whitty Cutscene Startup 10146" x="1443" y="2824" width="470" height="921" frameX="-403" frameY="-25" frameWidth="1090" frameHeight="951"/>
<SubTexture name="Whitty Cutscene Startup 10147" x="1443" y="2824" width="470" height="921" frameX="-403" frameY="-25" frameWidth="1090" frameHeight="951"/>
<SubTexture name="Whitty Cutscene Startup 10148" x="1443" y="2824" width="470" height="921" frameX="-403" frameY="-25" frameWidth="1090" frameHeight="951"/>
<SubTexture name="Whitty Cutscene Startup 10149" x="1443" y="2824" width="470" height="921" frameX="-403" frameY="-25" frameWidth="1090" frameHeight="951"/>
<SubTexture name="Whitty Cutscene Startup 10150" x="1443" y="2824" width="470" height="921" frameX="-403" frameY="-25" frameWidth="1090" frameHeight="951"/>
<SubTexture name="Whitty Cutscene Startup 10151" x="1443" y="2824" width="470" height="921" frameX="-403" frameY="-25" frameWidth="1090" frameHeight="951"/>
<SubTexture name="Whitty Cutscene Startup 10152" x="1913" y="2824" width="460" height="927" frameX="-410" frameY="-19" frameWidth="1090" frameHeight="951"/>
<SubTexture name="Whitty Cutscene Startup 10153" x="1913" y="2824" width="460" height="927" frameX="-410" frameY="-19" frameWidth="1090" frameHeight="951"/>
<SubTexture name="Whitty Cutscene Startup 10154" x="2373" y="2824" width="459" height="927" frameX="-410" frameY="-19" frameWidth="1090" frameHeight="951"/>
<SubTexture name="Whitty Cutscene Startup 10155" x="2373" y="2824" width="459" height="927" frameX="-410" frameY="-19" frameWidth="1090" frameHeight="951"/>
<SubTexture name="Whitty Cutscene Startup 10156" x="2373" y="2824" width="459" height="927" frameX="-410" frameY="-19" frameWidth="1090" frameHeight="951"/>
<SubTexture name="Whitty Cutscene Startup 10157" x="2373" y="2824" width="459" height="927" frameX="-410" frameY="-19" frameWidth="1090" frameHeight="951"/>
<SubTexture name="Whitty Cutscene Startup 10158" x="2373" y="2824" width="459" height="927" frameX="-410" frameY="-19" frameWidth="1090" frameHeight="951"/>
<SubTexture name="Whitty Cutscene Startup 10159" x="2373" y="2824" width="459" height="927" frameX="-410" frameY="-19" frameWidth="1090" frameHeight="951"/>
<SubTexture name="Whitty Cutscene Startup 10160" x="2373" y="2824" width="459" height="927" frameX="-410" frameY="-19" frameWidth="1090" frameHeight="951"/>
<SubTexture name="Whitty Cutscene Startup 10161" x="2373" y="2824" width="459" height="927" frameX="-410" frameY="-19" frameWidth="1090" frameHeight="951"/>
<SubTexture name="Whitty Cutscene Startup 10162" x="2373" y="2824" width="459" height="927" frameX="-410" frameY="-19" frameWidth="1090" frameHeight="951"/>
<SubTexture name="Whitty Cutscene Startup 10163" x="2373" y="2824" width="459" height="927" frameX="-410" frameY="-19" frameWidth="1090" frameHeight="951"/>
<SubTexture name="Whitty Cutscene Startup 10164" x="2373" y="2824" width="459" height="927" frameX="-410" frameY="-19" frameWidth="1090" frameHeight="951"/>
<SubTexture name="Whitty Cutscene Startup 10165" x="2373" y="2824" width="459" height="927" frameX="-410" frameY="-19" frameWidth="1090" frameHeight="951"/>
<SubTexture name="Whitty Cutscene Startup 10166" x="2373" y="2824" width="459" height="927" frameX="-410" frameY="-19" frameWidth="1090" frameHeight="951"/>
<SubTexture name="Whitty Cutscene Startup 10167" x="2373" y="2824" width="459" height="927" frameX="-410" frameY="-19" frameWidth="1090" frameHeight="951"/>
<SubTexture name="Whitty Cutscene Startup 10168" x="2373" y="2824" width="459" height="927" frameX="-410" frameY="-19" frameWidth="1090" frameHeight="951"/>
<SubTexture name="Whitty Cutscene Startup 10169" x="2373" y="2824" width="459" height="927" frameX="-410" frameY="-19" frameWidth="1090" frameHeight="951"/>
<SubTexture name="Whitty Cutscene Startup 10170" x="2373" y="2824" width="459" height="927" frameX="-410" frameY="-19" frameWidth="1090" frameHeight="951"/>
<SubTexture name="Whitty Cutscene Startup 10171" x="2373" y="2824" width="459" height="927" frameX="-410" frameY="-19" frameWidth="1090" frameHeight="951"/>
<SubTexture name="Whitty Cutscene Startup 10172" x="2373" y="2824" width="459" height="927" frameX="-410" frameY="-19" frameWidth="1090" frameHeight="951"/>
<SubTexture name="Whitty Cutscene Startup 10173" x="2373" y="2824" width="459" height="927" frameX="-410" frameY="-19" frameWidth="1090" frameHeight="951"/>
<SubTexture name="Whitty Cutscene Startup 10174" x="2373" y="2824" width="459" height="927" frameX="-410" frameY="-19" frameWidth="1090" frameHeight="951"/>
<SubTexture name="Whitty Cutscene Startup 10175" x="2373" y="2824" width="459" height="927" frameX="-410" frameY="-19" frameWidth="1090" frameHeight="951"/>
<SubTexture name="Whitty Cutscene Startup 10176" x="2373" y="2824" width="459" height="927" frameX="-410" frameY="-19" frameWidth="1090" frameHeight="951"/>
<SubTexture name="Whitty Cutscene Startup 10177" x="2373" y="2824" width="459" height="927" frameX="-410" frameY="-19" frameWidth="1090" frameHeight="951"/>
<SubTexture name="Whitty Cutscene Startup 10178" x="2373" y="2824" width="459" height="927" frameX="-410" frameY="-19" frameWidth="1090" frameHeight="951"/>
<SubTexture name="Whitty Cutscene Startup 10179" x="2373" y="2824" width="459" height="927" frameX="-410" frameY="-19" frameWidth="1090" frameHeight="951"/>
<SubTexture name="Whitty Cutscene Startup 10180" x="2373" y="2824" width="459" height="927" frameX="-410" frameY="-19" frameWidth="1090" frameHeight="951"/>
<SubTexture name="Whitty Cutscene Startup 10181" x="2373" y="2824" width="459" height="927" frameX="-410" frameY="-19" frameWidth="1090" frameHeight="951"/>
<SubTexture name="Whitty Cutscene Startup 10182" x="2832" y="2824" width="502" height="914" frameX="-381" frameY="-32" frameWidth="1090" frameHeight="951"/>
<SubTexture name="Whitty Cutscene Startup 10183" x="3334" y="2824" width="603" height="815" frameX="-351" frameY="-130" frameWidth="1090" frameHeight="951"/>
<SubTexture name="Whitty Cutscene Startup 10184" x="0" y="3751" width="598" height="819" frameX="-361" frameY="-127" frameWidth="1090" frameHeight="951"/>
<SubTexture name="Whitty Cutscene Startup 10185" x="0" y="3751" width="598" height="819" frameX="-361" frameY="-127" frameWidth="1090" frameHeight="951"/>
<SubTexture name="Whitty Cutscene Startup 10186" x="0" y="3751" width="598" height="819" frameX="-361" frameY="-127" frameWidth="1090" frameHeight="951"/>
<SubTexture name="Whitty Cutscene Startup 10187" x="0" y="3751" width="598" height="819" frameX="-361" frameY="-127" frameWidth="1090" frameHeight="951"/>
<SubTexture name="Whitty Cutscene Startup 10188" x="0" y="3751" width="598" height="819" frameX="-361" frameY="-127" frameWidth="1090" frameHeight="951"/>
<SubTexture name="Whitty Cutscene Startup 10189" x="0" y="3751" width="598" height="819" frameX="-361" frameY="-127" frameWidth="1090" frameHeight="951"/>
<SubTexture name="Whitty Cutscene Startup 10190" x="0" y="3751" width="598" height="819" frameX="-361" frameY="-127" frameWidth="1090" frameHeight="951"/>
<SubTexture name="Whitty Cutscene Startup 10191" x="598" y="3751" width="474" height="860" frameX="-390" frameY="-87" frameWidth="1090" frameHeight="951"/>
<SubTexture name="Whitty Cutscene Startup 10192" x="598" y="3751" width="474" height="860" frameX="-390" frameY="-87" frameWidth="1090" frameHeight="951"/>
<SubTexture name="Whitty Cutscene Startup 10193" x="1072" y="3751" width="632" height="848" frameX="-315" frameY="-103" frameWidth="1090" frameHeight="951"/>
<SubTexture name="Whitty Cutscene Startup 10194" x="1072" y="3751" width="632" height="848" frameX="-315" frameY="-103" frameWidth="1090" frameHeight="951"/>
<SubTexture name="Whitty Cutscene Startup 10195" x="1704" y="3751" width="649" height="837" frameX="-307" frameY="-114" frameWidth="1090" frameHeight="951"/>
<SubTexture name="Whitty Cutscene Startup 10196" x="2353" y="3751" width="664" height="831" frameX="-300" frameY="-120" frameWidth="1090" frameHeight="951"/>
<SubTexture name="Whitty Cutscene Startup 10197" x="2353" y="3751" width="664" height="831" frameX="-300" frameY="-120" frameWidth="1090" frameHeight="951"/>
<SubTexture name="Whitty Cutscene Startup 10198" x="2353" y="3751" width="664" height="831" frameX="-300" frameY="-120" frameWidth="1090" frameHeight="951"/>
<SubTexture name="Whitty Cutscene Startup 10199" x="2353" y="3751" width="664" height="831" frameX="-300" frameY="-120" frameWidth="1090" frameHeight="951"/>
<SubTexture name="Whitty Cutscene Startup 10200" x="2353" y="3751" width="664" height="831" frameX="-300" frameY="-120" frameWidth="1090" frameHeight="951"/>
<SubTexture name="Whitty Cutscene Startup 10201" x="2353" y="3751" width="664" height="831" frameX="-300" frameY="-120" frameWidth="1090" frameHeight="951"/>
<SubTexture name="Whitty Cutscene Startup 10202" x="2353" y="3751" width="664" height="831" frameX="-300" frameY="-120" frameWidth="1090" frameHeight="951"/>
<SubTexture name="Whitty Cutscene Startup 10203" x="2353" y="3751" width="664" height="831" frameX="-300" frameY="-120" frameWidth="1090" frameHeight="951"/>
<SubTexture name="Whitty Cutscene Startup 10204" x="2353" y="3751" width="664" height="831" frameX="-300" frameY="-120" frameWidth="1090" frameHeight="951"/>
<SubTexture name="Whitty Cutscene Startup 10205" x="2353" y="3751" width="664" height="831" frameX="-300" frameY="-120" frameWidth="1090" frameHeight="951"/>
<SubTexture name="Whitty Cutscene Startup 10206" x="2353" y="3751" width="664" height="831" frameX="-300" frameY="-120" frameWidth="1090" frameHeight="951"/>
<SubTexture name="Whitty Cutscene Startup 10207" x="2353" y="3751" width="664" height="831" frameX="-300" frameY="-120" frameWidth="1090" frameHeight="951"/>
<SubTexture name="Whitty Cutscene Startup 10208" x="2353" y="3751" width="664" height="831" frameX="-300" frameY="-120" frameWidth="1090" frameHeight="951"/>
<SubTexture name="Whitty Cutscene Startup 10209" x="2353" y="3751" width="664" height="831" frameX="-300" frameY="-120" frameWidth="1090" frameHeight="951"/>
<SubTexture name="Whitty Cutscene Startup 10210" x="2353" y="3751" width="664" height="831" frameX="-300" frameY="-120" frameWidth="1090" frameHeight="951"/>
<SubTexture name="Whitty Cutscene Startup 10211" x="2353" y="3751" width="664" height="831" frameX="-300" frameY="-120" frameWidth="1090" frameHeight="951"/>
<SubTexture name="Whitty Cutscene Startup 10212" x="2353" y="3751" width="664" height="831" frameX="-300" frameY="-120" frameWidth="1090" frameHeight="951"/>
<SubTexture name="Whitty Cutscene Startup 10213" x="2353" y="3751" width="664" height="831" frameX="-300" frameY="-120" frameWidth="1090" frameHeight="951"/>
</TextureAtlas>