<?xml version="1.0" encoding="utf-8"?>
<TextureAtlas imagePath="Whitty Angor.png">
<!-- Created with whitty-executor.exe -->
<SubTexture name="Whitty Sing Note DOWN0000" x="0" y="0" width="779" height="631" frameX="-0" frameY="-7" frameWidth="779" frameHeight="638"/>
<SubTexture name="Whitty Sing Note DOWN0001" x="0" y="0" width="779" height="631" frameX="-0" frameY="-7" frameWidth="779" frameHeight="638"/>
<SubTexture name="Whitty Sing Note DOWN0002" x="779" y="0" width="765" height="630" frameX="-7" frameY="-8" frameWidth="779" frameHeight="638"/>
<SubTexture name="Whitty Sing Note DOWN0003" x="779" y="0" width="765" height="630" frameX="-7" frameY="-8" frameWidth="779" frameHeight="638"/>
<SubTexture name="Whitty Sing Note DOWN0004" x="779" y="0" width="765" height="630" frameX="-7" frameY="-8" frameWidth="779" frameHeight="638"/>
<SubTexture name="Whitty Sing Note DOWN0005" x="1544" y="0" width="765" height="632" frameX="-7" frameY="-6" frameWidth="779" frameHeight="638"/>
<SubTexture name="Whitty Sing Note DOWN0006" x="779" y="0" width="765" height="630" frameX="-7" frameY="-8" frameWidth="779" frameHeight="638"/>
<SubTexture name="Whitty Sing Note DOWN0007" x="779" y="0" width="765" height="630" frameX="-7" frameY="-8" frameWidth="779" frameHeight="638"/>
<SubTexture name="Whitty Sing Note DOWN0008" x="779" y="0" width="765" height="630" frameX="-7" frameY="-8" frameWidth="779" frameHeight="638"/>
<SubTexture name="Whitty Sing Note DOWN0009" x="779" y="0" width="765" height="630" frameX="-7" frameY="-8" frameWidth="779" frameHeight="638"/>
<SubTexture name="Whitty Sing Note DOWN0010" x="2309" y="0" width="765" height="638" frameX="-7" frameY="-0" frameWidth="779" frameHeight="638"/>
<SubTexture name="Whitty Sing Note DOWN0011" x="779" y="0" width="765" height="630" frameX="-7" frameY="-8" frameWidth="779" frameHeight="638"/>
<SubTexture name="Whitty Sing Note DOWN0012" x="779" y="0" width="765" height="630" frameX="-7" frameY="-8" frameWidth="779" frameHeight="638"/>
<SubTexture name="Whitty Sing Note DOWN0013" x="779" y="0" width="765" height="630" frameX="-7" frameY="-8" frameWidth="779" frameHeight="638"/>
<SubTexture name="Whitty Sing Note DOWN0014" x="779" y="0" width="765" height="630" frameX="-7" frameY="-8" frameWidth="779" frameHeight="638"/>
<SubTexture name="Whitty Sing Note DOWN0015" x="779" y="0" width="765" height="630" frameX="-7" frameY="-8" frameWidth="779" frameHeight="638"/>
<SubTexture name="Whitty Sing Note LEFT0000" x="3074" y="0" width="712" height="775" frameX="-0" frameY="-0" frameWidth="712" frameHeight="775"/>
<SubTexture name="Whitty Sing Note LEFT0001" x="3074" y="0" width="712" height="775" frameX="-0" frameY="-0" frameWidth="712" frameHeight="775"/>
<SubTexture name="Whitty Sing Note LEFT0002" x="3786" y="0" width="683" height="767" frameX="-19" frameY="-8" frameWidth="712" frameHeight="775"/>
<SubTexture name="Whitty Sing Note LEFT0003" x="3786" y="0" width="683" height="767" frameX="-19" frameY="-8" frameWidth="712" frameHeight="775"/>
<SubTexture name="Whitty Sing Note LEFT0004" x="3786" y="0" width="683" height="767" frameX="-19" frameY="-8" frameWidth="712" frameHeight="775"/>
<SubTexture name="Whitty Sing Note LEFT0005" x="4469" y="0" width="673" height="775" frameX="-27" frameY="-0" frameWidth="712" frameHeight="775"/>
<SubTexture name="Whitty Sing Note LEFT0006" x="3786" y="0" width="683" height="767" frameX="-19" frameY="-8" frameWidth="712" frameHeight="775"/>
<SubTexture name="Whitty Sing Note LEFT0007" x="3786" y="0" width="683" height="767" frameX="-19" frameY="-8" frameWidth="712" frameHeight="775"/>
<SubTexture name="Whitty Sing Note LEFT0008" x="3786" y="0" width="683" height="767" frameX="-19" frameY="-8" frameWidth="712" frameHeight="775"/>
<SubTexture name="Whitty Sing Note LEFT0009" x="3786" y="0" width="683" height="767" frameX="-19" frameY="-8" frameWidth="712" frameHeight="775"/>
<SubTexture name="Whitty Sing Note LEFT0010" x="3786" y="0" width="683" height="767" frameX="-19" frameY="-8" frameWidth="712" frameHeight="775"/>
<SubTexture name="Whitty Sing Note LEFT0011" x="5142" y="0" width="711" height="773" frameX="-1" frameY="-2" frameWidth="712" frameHeight="775"/>
<SubTexture name="Whitty Sing Note LEFT0012" x="3786" y="0" width="683" height="767" frameX="-19" frameY="-8" frameWidth="712" frameHeight="775"/>
<SubTexture name="Whitty Sing Note LEFT0013" x="3786" y="0" width="683" height="767" frameX="-19" frameY="-8" frameWidth="712" frameHeight="775"/>
<SubTexture name="Whitty Sing Note LEFT0014" x="3786" y="0" width="683" height="767" frameX="-19" frameY="-8" frameWidth="712" frameHeight="775"/>
<SubTexture name="Whitty Sing Note LEFT0015" x="3786" y="0" width="683" height="767" frameX="-19" frameY="-8" frameWidth="712" frameHeight="775"/>
<SubTexture name="Whitty Sing Note UP0000" x="5853" y="0" width="634" height="873" frameX="-0" frameY="-0" frameWidth="634" frameHeight="873"/>
<SubTexture name="Whitty Sing Note UP0001" x="5853" y="0" width="634" height="873" frameX="-0" frameY="-0" frameWidth="634" frameHeight="873"/>
<SubTexture name="Whitty Sing Note UP0002" x="6487" y="0" width="608" height="859" frameX="-16" frameY="-13" frameWidth="634" frameHeight="873"/>
<SubTexture name="Whitty Sing Note UP0003" x="7095" y="0" width="609" height="862" frameX="-16" frameY="-10" frameWidth="634" frameHeight="873"/>
<SubTexture name="Whitty Sing Note UP0004" x="6487" y="0" width="608" height="859" frameX="-16" frameY="-13" frameWidth="634" frameHeight="873"/>
<SubTexture name="Whitty Sing Note UP0005" x="7095" y="0" width="609" height="862" frameX="-16" frameY="-10" frameWidth="634" frameHeight="873"/>
<SubTexture name="Whitty Sing Note UP0006" x="6487" y="0" width="608" height="859" frameX="-16" frameY="-13" frameWidth="634" frameHeight="873"/>
<SubTexture name="Whitty Sing Note UP0007" x="7095" y="0" width="609" height="862" frameX="-16" frameY="-10" frameWidth="634" frameHeight="873"/>
<SubTexture name="Whitty Sing Note UP0008" x="6487" y="0" width="608" height="859" frameX="-16" frameY="-13" frameWidth="634" frameHeight="873"/>
<SubTexture name="Whitty Sing Note UP0009" x="0" y="873" width="608" height="862" frameX="-16" frameY="-10" frameWidth="634" frameHeight="873"/>
<SubTexture name="Whitty Sing Note UP0010" x="608" y="873" width="609" height="859" frameX="-16" frameY="-13" frameWidth="634" frameHeight="873"/>
<SubTexture name="Whitty Sing Note UP0011" x="0" y="873" width="608" height="862" frameX="-16" frameY="-10" frameWidth="634" frameHeight="873"/>
<SubTexture name="Whitty Sing Note UP0012" x="608" y="873" width="609" height="859" frameX="-16" frameY="-13" frameWidth="634" frameHeight="873"/>
<SubTexture name="Whitty Sing Note UP0013" x="0" y="873" width="608" height="862" frameX="-16" frameY="-10" frameWidth="634" frameHeight="873"/>
<SubTexture name="Whitty Sing Note UP0014" x="608" y="873" width="609" height="859" frameX="-16" frameY="-13" frameWidth="634" frameHeight="873"/>
<SubTexture name="Whitty Sing Note UP0015" x="0" y="873" width="608" height="862" frameX="-16" frameY="-10" frameWidth="634" frameHeight="873"/>
<SubTexture name="Whitty Sing Note UP0016" x="6487" y="0" width="608" height="859" frameX="-16" frameY="-13" frameWidth="634" frameHeight="873"/>
<SubTexture name="Whitty Sing Note UP0017" x="7095" y="0" width="609" height="862" frameX="-16" frameY="-10" frameWidth="634" frameHeight="873"/>
<SubTexture name="Whitty Sing Note UP0018" x="6487" y="0" width="608" height="859" frameX="-16" frameY="-13" frameWidth="634" frameHeight="873"/>
<SubTexture name="Whitty Sing Note UP0019" x="7095" y="0" width="609" height="862" frameX="-16" frameY="-10" frameWidth="634" frameHeight="873"/>
<SubTexture name="Whitty Sing Note UP0020" x="6487" y="0" width="608" height="859" frameX="-16" frameY="-13" frameWidth="634" frameHeight="873"/>
<SubTexture name="Whitty Sing Note UP0021" x="7095" y="0" width="609" height="862" frameX="-16" frameY="-10" frameWidth="634" frameHeight="873"/>
<SubTexture name="Whitty Sing Note UP0022" x="6487" y="0" width="608" height="859" frameX="-16" frameY="-13" frameWidth="634" frameHeight="873"/>
<SubTexture name="Whitty Sing Note UP0023" x="0" y="873" width="608" height="862" frameX="-16" frameY="-10" frameWidth="634" frameHeight="873"/>
<SubTexture name="Whitty Sing Note UP0024" x="608" y="873" width="609" height="859" frameX="-16" frameY="-13" frameWidth="634" frameHeight="873"/>
<SubTexture name="Whitty Sing Note UP0025" x="0" y="873" width="608" height="862" frameX="-16" frameY="-10" frameWidth="634" frameHeight="873"/>
<SubTexture name="Whitty Sing Note UP0026" x="608" y="873" width="609" height="859" frameX="-16" frameY="-13" frameWidth="634" frameHeight="873"/>
<SubTexture name="Whitty Sing Note UP0027" x="0" y="873" width="608" height="862" frameX="-16" frameY="-10" frameWidth="634" frameHeight="873"/>
<SubTexture name="Whitty Sing Note UP0028" x="608" y="873" width="609" height="859" frameX="-16" frameY="-13" frameWidth="634" frameHeight="873"/>
<SubTexture name="Whitty Sing Note UP0029" x="0" y="873" width="608" height="862" frameX="-16" frameY="-10" frameWidth="634" frameHeight="873"/>
<SubTexture name="Whitty Sing Note UP0030" x="6487" y="0" width="608" height="859" frameX="-16" frameY="-13" frameWidth="634" frameHeight="873"/>
<SubTexture name="Whitty Sing Note UP0031" x="7095" y="0" width="609" height="862" frameX="-16" frameY="-10" frameWidth="634" frameHeight="873"/>
<SubTexture name="Whitty Sing Note UP0032" x="6487" y="0" width="608" height="859" frameX="-16" frameY="-13" frameWidth="634" frameHeight="873"/>
<SubTexture name="Whitty Sing Note UP0033" x="7095" y="0" width="609" height="862" frameX="-16" frameY="-10" frameWidth="634" frameHeight="873"/>
<SubTexture name="Whitty Sing Note UP0034" x="6487" y="0" width="608" height="859" frameX="-16" frameY="-13" frameWidth="634" frameHeight="873"/>
<SubTexture name="Whitty Sing Note UP0035" x="7095" y="0" width="609" height="862" frameX="-16" frameY="-10" frameWidth="634" frameHeight="873"/>
<SubTexture name="Whitty Sing Note UP0036" x="6487" y="0" width="608" height="859" frameX="-16" frameY="-13" frameWidth="634" frameHeight="873"/>
<SubTexture name="Whitty Sing Note UP0037" x="0" y="873" width="608" height="862" frameX="-16" frameY="-10" frameWidth="634" frameHeight="873"/>
<SubTexture name="Whitty Sing Note UP0038" x="608" y="873" width="609" height="859" frameX="-16" frameY="-13" frameWidth="634" frameHeight="873"/>
<SubTexture name="Whitty Sing Note UP0039" x="0" y="873" width="608" height="862" frameX="-16" frameY="-10" frameWidth="634" frameHeight="873"/>
<SubTexture name="Whitty Sing Note UP0040" x="608" y="873" width="609" height="859" frameX="-16" frameY="-13" frameWidth="634" frameHeight="873"/>
<SubTexture name="Whitty Sing Note UP0041" x="0" y="873" width="608" height="862" frameX="-16" frameY="-10" frameWidth="634" frameHeight="873"/>
<SubTexture name="Whitty Sing Note UP0042" x="608" y="873" width="609" height="859" frameX="-16" frameY="-13" frameWidth="634" frameHeight="873"/>
<SubTexture name="Whitty Sing Note UP0043" x="0" y="873" width="608" height="862" frameX="-16" frameY="-10" frameWidth="634" frameHeight="873"/>
<SubTexture name="Whitty Sing Note UP0044" x="6487" y="0" width="608" height="859" frameX="-16" frameY="-13" frameWidth="634" frameHeight="873"/>
<SubTexture name="Whitty Sing Note UP0045" x="7095" y="0" width="609" height="862" frameX="-16" frameY="-10" frameWidth="634" frameHeight="873"/>
<SubTexture name="Whitty Sing Note UP0046" x="6487" y="0" width="608" height="859" frameX="-16" frameY="-13" frameWidth="634" frameHeight="873"/>
<SubTexture name="Whitty Sing Note UP0047" x="7095" y="0" width="609" height="862" frameX="-16" frameY="-10" frameWidth="634" frameHeight="873"/>
<SubTexture name="Whitty Sing Note UP0048" x="6487" y="0" width="608" height="859" frameX="-16" frameY="-13" frameWidth="634" frameHeight="873"/>
<SubTexture name="Whitty Sing Note UP0049" x="7095" y="0" width="609" height="862" frameX="-16" frameY="-10" frameWidth="634" frameHeight="873"/>
<SubTexture name="Whitty Sing Note UP0050" x="6487" y="0" width="608" height="859" frameX="-16" frameY="-13" frameWidth="634" frameHeight="873"/>
<SubTexture name="Whitty Sing Note UP0051" x="0" y="873" width="608" height="862" frameX="-16" frameY="-10" frameWidth="634" frameHeight="873"/>
<SubTexture name="Whitty Sing Note UP0052" x="608" y="873" width="609" height="859" frameX="-16" frameY="-13" frameWidth="634" frameHeight="873"/>
<SubTexture name="Whitty Sing Note UP0053" x="0" y="873" width="608" height="862" frameX="-16" frameY="-10" frameWidth="634" frameHeight="873"/>
<SubTexture name="Whitty Sing Note UP0054" x="608" y="873" width="609" height="859" frameX="-16" frameY="-13" frameWidth="634" frameHeight="873"/>
<SubTexture name="Whitty Sing Note UP0055" x="0" y="873" width="608" height="862" frameX="-16" frameY="-10" frameWidth="634" frameHeight="873"/>
<SubTexture name="Whitty Sing Note UP0056" x="608" y="873" width="609" height="859" frameX="-16" frameY="-13" frameWidth="634" frameHeight="873"/>
<SubTexture name="Whitty Sing Note UP0057" x="0" y="873" width="608" height="862" frameX="-16" frameY="-10" frameWidth="634" frameHeight="873"/>
<SubTexture name="Whitty Sing Note UP0058" x="6487" y="0" width="608" height="859" frameX="-16" frameY="-13" frameWidth="634" frameHeight="873"/>
<SubTexture name="Whitty Sing Note UP0059" x="7095" y="0" width="609" height="862" frameX="-16" frameY="-10" frameWidth="634" frameHeight="873"/>
<SubTexture name="Whitty idle dance0000" x="1217" y="873" width="598" height="761" frameX="-9" frameY="-0" frameWidth="616" frameHeight="762"/>
<SubTexture name="Whitty idle dance0001" x="1217" y="873" width="598" height="761" frameX="-9" frameY="-0" frameWidth="616" frameHeight="762"/>
<SubTexture name="Whitty idle dance0002" x="1815" y="873" width="616" height="746" frameX="-0" frameY="-16" frameWidth="616" frameHeight="762"/>
<SubTexture name="Whitty idle dance0003" x="1815" y="873" width="616" height="746" frameX="-0" frameY="-16" frameWidth="616" frameHeight="762"/>
<SubTexture name="Whitty idle dance0004" x="2431" y="873" width="614" height="731" frameX="-1" frameY="-31" frameWidth="616" frameHeight="762"/>
<SubTexture name="Whitty idle dance0005" x="2431" y="873" width="614" height="731" frameX="-1" frameY="-31" frameWidth="616" frameHeight="762"/>
<SubTexture name="Whitty idle dance0006" x="3045" y="873" width="611" height="738" frameX="-3" frameY="-24" frameWidth="616" frameHeight="762"/>
<SubTexture name="Whitty idle dance0007" x="3045" y="873" width="611" height="738" frameX="-3" frameY="-24" frameWidth="616" frameHeight="762"/>
<SubTexture name="Whitty idle dance0008" x="3656" y="873" width="608" height="735" frameX="-4" frameY="-27" frameWidth="616" frameHeight="762"/>
<SubTexture name="Whitty idle dance0009" x="4264" y="873" width="608" height="749" frameX="-4" frameY="-13" frameWidth="616" frameHeight="762"/>
<SubTexture name="Whitty idle dance0010" x="4872" y="873" width="606" height="753" frameX="-5" frameY="-9" frameWidth="616" frameHeight="762"/>
<SubTexture name="Whitty idle dance0011" x="4872" y="873" width="606" height="753" frameX="-5" frameY="-9" frameWidth="616" frameHeight="762"/>
<SubTexture name="Whitty idle dance0012" x="5478" y="873" width="604" height="760" frameX="-6" frameY="-1" frameWidth="616" frameHeight="762"/>
<SubTexture name="whitty sing note right0000" x="6082" y="873" width="870" height="696" frameX="-1" frameY="-0" frameWidth="871" frameHeight="696"/>
<SubTexture name="whitty sing note right0001" x="6082" y="873" width="870" height="696" frameX="-1" frameY="-0" frameWidth="871" frameHeight="696"/>
<SubTexture name="whitty sing note right0002" x="6952" y="873" width="850" height="688" frameX="-0" frameY="-8" frameWidth="871" frameHeight="696"/>
<SubTexture name="whitty sing note right0003" x="0" y="1735" width="863" height="690" frameX="-0" frameY="-6" frameWidth="871" frameHeight="696"/>
<SubTexture name="whitty sing note right0004" x="6952" y="873" width="850" height="688" frameX="-0" frameY="-8" frameWidth="871" frameHeight="696"/>
<SubTexture name="whitty sing note right0005" x="0" y="1735" width="863" height="690" frameX="-0" frameY="-6" frameWidth="871" frameHeight="696"/>
<SubTexture name="whitty sing note right0006" x="6952" y="873" width="850" height="688" frameX="-0" frameY="-8" frameWidth="871" frameHeight="696"/>
<SubTexture name="whitty sing note right0007" x="0" y="1735" width="863" height="690" frameX="-0" frameY="-6" frameWidth="871" frameHeight="696"/>
<SubTexture name="whitty sing note right0008" x="6952" y="873" width="850" height="688" frameX="-0" frameY="-8" frameWidth="871" frameHeight="696"/>
<SubTexture name="whitty sing note right0009" x="0" y="1735" width="863" height="690" frameX="-0" frameY="-6" frameWidth="871" frameHeight="696"/>
<SubTexture name="whitty sing note right0010" x="6952" y="873" width="850" height="688" frameX="-0" frameY="-8" frameWidth="871" frameHeight="696"/>
<SubTexture name="whitty sing note right0011" x="0" y="1735" width="863" height="690" frameX="-0" frameY="-6" frameWidth="871" frameHeight="696"/>
<SubTexture name="whitty sing note right0012" x="6952" y="873" width="850" height="688" frameX="-0" frameY="-8" frameWidth="871" frameHeight="696"/>
<SubTexture name="whitty sing note right0013" x="0" y="1735" width="863" height="690" frameX="-0" frameY="-6" frameWidth="871" frameHeight="696"/>
<SubTexture name="whitty sing note right0014" x="6952" y="873" width="850" height="688" frameX="-0" frameY="-8" frameWidth="871" frameHeight="696"/>
<SubTexture name="whitty sing note right0015" x="0" y="1735" width="863" height="690" frameX="-0" frameY="-6" frameWidth="871" frameHeight="696"/>
<SubTexture name="whitty sing note right0016" x="6952" y="873" width="850" height="688" frameX="-0" frameY="-8" frameWidth="871" frameHeight="696"/>
<SubTexture name="whitty sing note right0017" x="0" y="1735" width="863" height="690" frameX="-0" frameY="-6" frameWidth="871" frameHeight="696"/>
<SubTexture name="whitty sing note right0018" x="6952" y="873" width="850" height="688" frameX="-0" frameY="-8" frameWidth="871" frameHeight="696"/>
</TextureAtlas>